,name,label,issue,edge
0,trial (1).jpg,1.0,0.0,0.0
1,trial (10).jpg,0.0,0.0,0.0
2,trial (100).jpg,0.0,0.0,0.0
3,trial (1000).jpg,1.0,0.0,0.0
4,trial (1001).jpg,1.0,0.0,0.0
5,trial (1002).jpg,0.0,0.0,0.0
6,trial (1003).jpg,1.0,0.0,0.0
7,trial (1004).jpg,1.0,0.0,0.0
8,trial (1005).jpg,1.0,0.0,0.0
9,trial (1006).jpg,1.0,0.0,0.0
10,trial (1007).jpg,1.0,0.0,0.0
11,trial (1008).jpg,1.0,0.0,0.0
12,trial (1009).jpg,1.0,0.0,0.0
13,trial (101).jpg,1.0,0.0,0.0
14,trial (1010).jpg,1.0,0.0,0.0
15,trial (1011).jpg,1.0,0.0,0.0
16,trial (1012).jpg,0.0,0.0,0.0
17,trial (1013).jpg,2.0,1.0,0.0
18,trial (1014).jpg,1.0,0.0,0.0
19,trial (1015).jpg,2.0,1.0,0.0
20,trial (1016).jpg,1.0,0.0,0.0
21,trial (1017).jpg,1.0,0.0,0.0
22,trial (1018).jpg,2.0,1.0,0.0
23,trial (1019).jpg,1.0,1.0,0.0
24,trial (102).jpg,1.0,0.0,0.0
25,trial (1020).jpg,1.0,0.0,0.0
26,trial (1021).jpg,2.0,0.0,0.0
27,trial (1022).jpg,1.0,0.0,0.0
28,trial (1023).jpg,2.0,1.0,0.0
29,trial (1024).jpg,1.0,0.0,0.0
30,trial (1025).jpg,0.0,0.0,0.0
31,trial (1026).jpg,2.0,1.0,0.0
32,trial (1027).jpg,1.0,0.0,0.0
33,trial (1028).jpg,1.0,0.0,0.0
34,trial (1029).jpg,1.0,0.0,0.0
35,trial (103).jpg,2.0,1.0,0.0
36,trial (1030).jpg,1.0,1.0,0.0
37,trial (1031).jpg,1.0,0.0,0.0
38,trial (1032).jpg,0.0,0.0,0.0
39,trial (1033).jpg,1.0,0.0,0.0
40,trial (1034).jpg,1.0,0.0,0.0
41,trial (1035).jpg,0.0,0.0,0.0
42,trial (1036).jpg,1.0,0.0,0.0
43,trial (1037).jpg,1.0,0.0,0.0
44,trial (1038).jpg,1.0,0.0,0.0
45,trial (1039).jpg,1.0,0.0,0.0
46,trial (104).jpg,1.0,1.0,0.0
47,trial (1040).jpg,0.0,0.0,0.0
48,trial (1041).jpg,1.0,1.0,1.0
49,trial (1042).jpg,1.0,0.0,0.0
50,trial (1043).jpg,1.0,0.0,0.0
51,trial (1044).jpg,0.0,0.0,0.0
52,trial (1045).jpg,2.0,0.0,0.0
53,trial (1046).jpg,0.0,0.0,0.0
54,trial (1047).jpg,1.0,0.0,0.0
55,trial (1048).jpg,1.0,0.0,0.0
56,trial (1049).jpg,1.0,0.0,0.0
57,trial (105).jpg,1.0,0.0,0.0
58,trial (1050).jpg,1.0,0.0,0.0
59,trial (1051).jpg,1.0,0.0,0.0
60,trial (1052).jpg,1.0,0.0,0.0
61,trial (1053).jpg,1.0,0.0,0.0
62,trial (1054).jpg,0.0,0.0,0.0
63,trial (1055).jpg,1.0,0.0,0.0
64,trial (1056).jpg,1.0,0.0,0.0
65,trial (1057).jpg,0.0,0.0,0.0
66,trial (1058).jpg,1.0,0.0,0.0
67,trial (1059).jpg,1.0,0.0,0.0
68,trial (106).jpg,2.0,1.0,0.0
69,trial (1060).jpg,2.0,1.0,0.0
70,trial (1061).jpg,2.0,1.0,0.0
71,trial (1062).jpg,0.0,0.0,0.0
72,trial (1063).jpg,0.0,0.0,0.0
73,trial (1064).jpg,1.0,0.0,0.0
74,trial (1065).jpg,1.0,0.0,0.0
75,trial (1066).jpg,1.0,0.0,0.0
76,trial (1067).jpg,2.0,1.0,0.0
77,trial (1068).jpg,1.0,0.0,0.0
78,trial (1069).jpg,1.0,0.0,0.0
79,trial (107).jpg,1.0,0.0,0.0
80,trial (1070).jpg,1.0,0.0,0.0
81,trial (1071).jpg,0.0,0.0,0.0
82,trial (1072).jpg,1.0,0.0,0.0
83,trial (1073).jpg,1.0,0.0,0.0
84,trial (1074).jpg,1.0,0.0,0.0
85,trial (1075).jpg,1.0,0.0,0.0
86,trial (1076).jpg,0.0,0.0,0.0
87,trial (1077).jpg,1.0,0.0,0.0
88,trial (1078).jpg,1.0,0.0,0.0
89,trial (1079).jpg,1.0,0.0,0.0
90,trial (108).jpg,1.0,0.0,0.0
91,trial (1080).jpg,1.0,0.0,0.0
92,trial (1081).jpg,1.0,0.0,0.0
93,trial (1082).jpg,0.0,0.0,0.0
94,trial (1083).jpg,1.0,0.0,0.0
95,trial (1084).jpg,1.0,1.0,0.0
96,trial (1085).jpg,1.0,0.0,0.0
97,trial (1086).jpg,1.0,0.0,0.0
98,trial (1087).jpg,1.0,0.0,0.0
99,trial (1088).jpg,1.0,0.0,0.0
100,trial (1089).jpg,1.0,1.0,0.0
101,trial (109).jpg,2.0,1.0,0.0
102,trial (1090).jpg,1.0,0.0,0.0
103,trial (1091).jpg,1.0,0.0,0.0
104,trial (1092).jpg,1.0,0.0,0.0
105,trial (1093).jpg,1.0,0.0,0.0
106,trial (1094).jpg,1.0,1.0,0.0
107,trial (1095).jpg,1.0,0.0,0.0
108,trial (1096).jpg,1.0,0.0,0.0
109,trial (1097).jpg,1.0,0.0,0.0
110,trial (1098).jpg,1.0,0.0,0.0
111,trial (1099).jpg,1.0,0.0,0.0
112,trial (11).jpg,1.0,0.0,0.0
113,trial (110).jpg,1.0,0.0,0.0
114,trial (1100).jpg,1.0,0.0,0.0
115,trial (1101).jpg,1.0,0.0,0.0
116,trial (1102).jpg,1.0,0.0,0.0
117,trial (1103).jpg,1.0,0.0,0.0
118,trial (1104).jpg,1.0,0.0,0.0
119,trial (1105).jpg,2.0,1.0,0.0
120,trial (1106).jpg,1.0,0.0,0.0
121,trial (1107).jpg,0.0,0.0,0.0
122,trial (1108).jpg,1.0,0.0,0.0
123,trial (1109).jpg,1.0,0.0,0.0
124,trial (111).jpg,1.0,0.0,0.0
125,trial (1110).jpg,2.0,1.0,0.0
126,trial (1111).jpg,1.0,0.0,0.0
127,trial (1112).jpg,0.0,0.0,0.0
128,trial (1113).jpg,1.0,0.0,0.0
129,trial (1114).jpg,1.0,0.0,0.0
130,trial (1115).jpg,1.0,0.0,0.0
131,trial (1116).jpg,1.0,0.0,0.0
132,trial (1117).jpg,1.0,0.0,0.0
133,trial (1118).jpg,2.0,0.0,0.0
134,trial (1119).jpg,0.0,0.0,0.0
135,trial (112).jpg,1.0,0.0,0.0
136,trial (1120).jpg,2.0,1.0,0.0
137,trial (1121).jpg,1.0,0.0,0.0
138,trial (1122).jpg,1.0,0.0,0.0
139,trial (1123).jpg,1.0,1.0,0.0
140,trial (1124).jpg,0.0,0.0,0.0
141,trial (1125).jpg,0.0,0.0,0.0
142,trial (1126).jpg,0.0,0.0,0.0
143,trial (1127).jpg,1.0,0.0,0.0
144,trial (1128).jpg,1.0,0.0,0.0
145,trial (1129).jpg,1.0,0.0,0.0
146,trial (113).jpg,1.0,0.0,0.0
147,trial (1130).jpg,1.0,0.0,0.0
148,trial (1131).jpg,0.0,0.0,0.0
149,trial (1132).jpg,1.0,0.0,0.0
150,trial (1133).jpg,1.0,0.0,0.0
151,trial (1134).jpg,1.0,0.0,0.0
152,trial (1135).jpg,0.0,0.0,0.0
153,trial (1136).jpg,1.0,0.0,0.0
154,trial (1137).jpg,1.0,0.0,0.0
155,trial (1138).jpg,1.0,0.0,0.0
156,trial (1139).jpg,0.0,0.0,0.0
157,trial (114).jpg,1.0,0.0,0.0
158,trial (1140).jpg,1.0,0.0,0.0
159,trial (1141).jpg,0.0,0.0,0.0
160,trial (1142).jpg,1.0,0.0,0.0
161,trial (1143).jpg,1.0,0.0,0.0
162,trial (1144).jpg,1.0,0.0,0.0
163,trial (1145).jpg,1.0,0.0,0.0
164,trial (1146).jpg,1.0,0.0,0.0
165,trial (1147).jpg,1.0,0.0,0.0
166,trial (1148).jpg,1.0,0.0,0.0
167,trial (1149).jpg,0.0,0.0,0.0
168,trial (115).jpg,1.0,0.0,0.0
169,trial (1150).jpg,1.0,0.0,0.0
170,trial (1151).jpg,0.0,0.0,0.0
171,trial (1152).jpg,1.0,0.0,0.0
172,trial (1153).jpg,1.0,0.0,0.0
173,trial (1154).jpg,2.0,1.0,0.0
174,trial (1155).jpg,1.0,0.0,0.0
175,trial (1156).jpg,1.0,0.0,0.0
176,trial (1157).jpg,1.0,0.0,0.0
177,trial (1158).jpg,1.0,0.0,0.0
178,trial (1159).jpg,0.0,0.0,0.0
179,trial (116).jpg,1.0,0.0,0.0
180,trial (1160).jpg,1.0,0.0,0.0
181,trial (1161).jpg,0.0,0.0,0.0
182,trial (1162).jpg,1.0,0.0,0.0
183,trial (1163).jpg,1.0,0.0,0.0
184,trial (1164).jpg,1.0,0.0,0.0
185,trial (1165).jpg,1.0,0.0,0.0
186,trial (1166).jpg,0.0,0.0,0.0
187,trial (1167).jpg,1.0,0.0,0.0
188,trial (1168).jpg,1.0,0.0,0.0
189,trial (1169).jpg,2.0,1.0,0.0
190,trial (117).jpg,1.0,0.0,0.0
191,trial (1170).jpg,1.0,0.0,0.0
192,trial (1171).jpg,1.0,0.0,0.0
193,trial (1172).jpg,1.0,0.0,0.0
194,trial (1173).jpg,1.0,0.0,0.0
195,trial (1174).jpg,0.0,0.0,0.0
196,trial (1175).jpg,1.0,0.0,0.0
197,trial (1176).jpg,1.0,0.0,0.0
198,trial (1177).jpg,1.0,0.0,0.0
199,trial (1178).jpg,1.0,0.0,0.0
200,trial (1179).jpg,1.0,0.0,0.0
201,trial (118).jpg,0.0,0.0,0.0
202,trial (1180).jpg,1.0,0.0,0.0
203,trial (1181).jpg,1.0,0.0,0.0
204,trial (1182).jpg,1.0,0.0,0.0
205,trial (1183).jpg,1.0,0.0,0.0
206,trial (1184).jpg,2.0,1.0,0.0
207,trial (1185).jpg,1.0,0.0,0.0
208,trial (1186).jpg,1.0,0.0,0.0
209,trial (1187).jpg,1.0,1.0,0.0
210,trial (1188).jpg,0.0,0.0,0.0
211,trial (1189).jpg,2.0,1.0,0.0
212,trial (119).jpg,2.0,1.0,0.0
213,trial (1190).jpg,1.0,0.0,0.0
214,trial (1191).jpg,1.0,0.0,0.0
215,trial (1192).jpg,1.0,0.0,0.0
216,trial (1193).jpg,1.0,0.0,0.0
217,trial (1194).jpg,0.0,0.0,0.0
218,trial (1195).jpg,0.0,0.0,0.0
219,trial (1196).jpg,1.0,0.0,0.0
220,trial (1197).jpg,0.0,0.0,0.0
221,trial (1198).jpg,0.0,0.0,0.0
222,trial (1199).jpg,1.0,0.0,0.0
223,trial (12).jpg,1.0,0.0,0.0
224,trial (120).jpg,2.0,1.0,0.0
225,trial (1200).jpg,0.0,0.0,0.0
226,trial (1201).jpg,2.0,1.0,0.0
227,trial (1202).jpg,1.0,0.0,0.0
228,trial (1203).jpg,1.0,0.0,0.0
229,trial (1204).jpg,2.0,1.0,0.0
230,trial (1205).jpg,1.0,0.0,0.0
231,trial (1206).jpg,1.0,0.0,0.0
232,trial (1207).jpg,1.0,0.0,0.0
233,trial (1208).jpg,1.0,0.0,0.0
234,trial (1209).jpg,1.0,0.0,0.0
235,trial (121).jpg,1.0,0.0,0.0
236,trial (1210).jpg,1.0,0.0,0.0
237,trial (1211).jpg,0.0,0.0,0.0
238,trial (1212).jpg,1.0,0.0,0.0
239,trial (1213).jpg,1.0,0.0,0.0
240,trial (1214).jpg,0.0,0.0,0.0
241,trial (1215).jpg,1.0,0.0,0.0
242,trial (1216).jpg,0.0,0.0,0.0
243,trial (1217).jpg,1.0,0.0,0.0
244,trial (1218).jpg,1.0,0.0,0.0
245,trial (1219).jpg,1.0,0.0,0.0
246,trial (122).jpg,1.0,0.0,0.0
247,trial (1220).jpg,1.0,0.0,0.0
248,trial (1221).jpg,1.0,0.0,0.0
249,trial (1222).jpg,1.0,0.0,0.0
250,trial (1223).jpg,1.0,1.0,0.0
251,trial (1224).jpg,1.0,0.0,0.0
252,trial (1225).jpg,1.0,0.0,0.0
253,trial (1226).jpg,1.0,0.0,0.0
254,trial (1227).jpg,1.0,0.0,0.0
255,trial (1228).jpg,1.0,0.0,0.0
256,trial (1229).jpg,1.0,0.0,0.0
257,trial (123).jpg,1.0,0.0,0.0
258,trial (1230).jpg,1.0,0.0,0.0
259,trial (1231).jpg,1.0,0.0,0.0
260,trial (1232).jpg,0.0,0.0,0.0
261,trial (1233).jpg,2.0,1.0,0.0
262,trial (1234).jpg,0.0,0.0,0.0
263,trial (1235).jpg,1.0,0.0,0.0
264,trial (1236).jpg,0.0,0.0,0.0
265,trial (1237).jpg,0.0,0.0,0.0
266,trial (1238).jpg,0.0,0.0,0.0
267,trial (1239).jpg,1.0,0.0,0.0
268,trial (124).jpg,1.0,0.0,0.0
269,trial (1240).jpg,1.0,0.0,0.0
270,trial (1241).jpg,1.0,0.0,0.0
271,trial (1242).jpg,0.0,0.0,0.0
272,trial (1243).jpg,1.0,0.0,0.0
273,trial (1244).jpg,1.0,1.0,0.0
274,trial (1245).jpg,0.0,0.0,0.0
275,trial (1246).jpg,1.0,0.0,0.0
276,trial (1247).jpg,1.0,1.0,0.0
277,trial (1248).jpg,0.0,0.0,0.0
278,trial (1249).jpg,2.0,1.0,0.0
279,trial (125).jpg,1.0,0.0,0.0
280,trial (1250).jpg,1.0,1.0,0.0
281,trial (1251).jpg,1.0,0.0,0.0
282,trial (1252).jpg,2.0,1.0,0.0
283,trial (1253).jpg,1.0,0.0,0.0
284,trial (1254).jpg,2.0,1.0,0.0
285,trial (1255).jpg,2.0,1.0,0.0
286,trial (1256).jpg,1.0,0.0,0.0
287,trial (1257).jpg,1.0,0.0,0.0
288,trial (1258).jpg,1.0,0.0,0.0
289,trial (1259).jpg,1.0,0.0,0.0
290,trial (126).jpg,0.0,0.0,0.0
291,trial (1260).jpg,0.0,0.0,0.0
292,trial (1261).jpg,2.0,1.0,0.0
293,trial (1262).jpg,1.0,0.0,0.0
294,trial (1263).jpg,1.0,0.0,0.0
295,trial (1264).jpg,1.0,0.0,0.0
296,trial (1265).jpg,1.0,0.0,0.0
297,trial (1266).jpg,0.0,0.0,0.0
298,trial (1267).jpg,1.0,1.0,1.0
299,trial (1268).jpg,1.0,1.0,1.0
300,trial (1269).jpg,1.0,0.0,0.0
301,trial (127).jpg,2.0,1.0,1.0
302,trial (1270).jpg,0.0,0.0,0.0
303,trial (1271).jpg,1.0,0.0,0.0
304,trial (1272).jpg,1.0,0.0,0.0
305,trial (1273).jpg,0.0,0.0,0.0
306,trial (1274).jpg,1.0,0.0,0.0
307,trial (1275).jpg,1.0,0.0,0.0
308,trial (1276).jpg,1.0,0.0,0.0
309,trial (1277).jpg,0.0,0.0,0.0
310,trial (1278).jpg,1.0,0.0,0.0
311,trial (1279).jpg,1.0,0.0,0.0
312,trial (128).jpg,1.0,0.0,0.0
313,trial (1280).jpg,1.0,0.0,0.0
314,trial (1281).jpg,0.0,0.0,0.0
315,trial (1282).jpg,2.0,1.0,0.0
316,trial (1283).jpg,2.0,1.0,0.0
317,trial (1284).jpg,0.0,0.0,0.0
318,trial (1285).jpg,1.0,0.0,0.0
319,trial (1286).jpg,1.0,0.0,0.0
320,trial (1287).jpg,2.0,1.0,0.0
321,trial (1288).jpg,1.0,0.0,0.0
322,trial (1289).jpg,1.0,0.0,0.0
323,trial (129).jpg,1.0,0.0,0.0
324,trial (1290).jpg,1.0,0.0,0.0
325,trial (1291).jpg,0.0,0.0,0.0
326,trial (1292).jpg,0.0,0.0,0.0
327,trial (1293).jpg,1.0,0.0,0.0
328,trial (1294).jpg,0.0,0.0,0.0
329,trial (1295).jpg,1.0,0.0,0.0
330,trial (1296).jpg,1.0,0.0,0.0
331,trial (1297).jpg,2.0,1.0,0.0
332,trial (1298).jpg,1.0,0.0,0.0
333,trial (1299).jpg,1.0,0.0,0.0
334,trial (13).jpg,1.0,0.0,0.0
335,trial (130).jpg,1.0,1.0,0.0
336,trial (1300).jpg,1.0,0.0,0.0
337,trial (1301).jpg,1.0,0.0,0.0
338,trial (1302).jpg,1.0,1.0,0.0
339,trial (1303).jpg,0.0,0.0,0.0
340,trial (1304).jpg,1.0,0.0,0.0
341,trial (1305).jpg,1.0,0.0,0.0
342,trial (1306).jpg,2.0,1.0,0.0
343,trial (1307).jpg,0.0,0.0,0.0
344,trial (1308).jpg,0.0,0.0,0.0
345,trial (1309).jpg,0.0,0.0,0.0
346,trial (131).jpg,1.0,0.0,0.0
347,trial (1310).jpg,2.0,1.0,0.0
348,trial (1311).jpg,2.0,1.0,0.0
349,trial (1312).jpg,1.0,0.0,0.0
350,trial (1313).jpg,1.0,0.0,0.0
351,trial (1314).jpg,2.0,1.0,0.0
352,trial (1315).jpg,0.0,0.0,0.0
353,trial (1316).jpg,1.0,0.0,0.0
354,trial (1317).jpg,2.0,1.0,0.0
355,trial (1318).jpg,1.0,0.0,0.0
356,trial (1319).jpg,1.0,0.0,0.0
357,trial (132).jpg,1.0,0.0,0.0
358,trial (1320).jpg,1.0,0.0,0.0
359,trial (1321).jpg,0.0,0.0,0.0
360,trial (1322).jpg,2.0,1.0,0.0
361,trial (1323).jpg,0.0,0.0,0.0
362,trial (1324).jpg,0.0,0.0,0.0
363,trial (1325).jpg,1.0,0.0,0.0
364,trial (1326).jpg,2.0,1.0,0.0
365,trial (1327).jpg,1.0,0.0,0.0
366,trial (1328).jpg,1.0,0.0,0.0
367,trial (1329).jpg,0.0,0.0,0.0
368,trial (133).jpg,1.0,0.0,0.0
369,trial (1330).jpg,1.0,0.0,0.0
370,trial (1331).jpg,1.0,1.0,0.0
371,trial (1332).jpg,1.0,1.0,0.0
372,trial (1333).jpg,1.0,0.0,0.0
373,trial (1334).jpg,1.0,0.0,0.0
374,trial (1335).jpg,1.0,0.0,0.0
375,trial (1336).jpg,0.0,0.0,0.0
376,trial (1337).jpg,1.0,0.0,0.0
377,trial (1338).jpg,2.0,1.0,0.0
378,trial (1339).jpg,1.0,0.0,0.0
379,trial (134).jpg,1.0,0.0,0.0
380,trial (1340).jpg,0.0,0.0,0.0
381,trial (1341).jpg,2.0,1.0,0.0
382,trial (1342).jpg,0.0,0.0,0.0
383,trial (1343).jpg,1.0,0.0,0.0
384,trial (1344).jpg,1.0,0.0,0.0
385,trial (1345).jpg,1.0,0.0,0.0
386,trial (1346).jpg,1.0,0.0,0.0
387,trial (1347).jpg,2.0,1.0,0.0
388,trial (1348).jpg,0.0,0.0,0.0
389,trial (1349).jpg,2.0,0.0,0.0
390,trial (135).jpg,1.0,0.0,0.0
391,trial (1350).jpg,1.0,0.0,0.0
392,trial (1351).jpg,1.0,0.0,0.0
393,trial (1352).jpg,1.0,0.0,0.0
394,trial (1353).jpg,1.0,0.0,0.0
395,trial (1354).jpg,1.0,0.0,0.0
396,trial (1355).jpg,0.0,0.0,0.0
397,trial (1356).jpg,1.0,0.0,0.0
398,trial (1357).jpg,0.0,0.0,0.0
399,trial (1358).jpg,2.0,1.0,0.0
400,trial (1359).jpg,1.0,0.0,0.0
401,trial (136).jpg,1.0,0.0,0.0
402,trial (1360).jpg,1.0,0.0,0.0
403,trial (1361).jpg,1.0,1.0,0.0
404,trial (1362).jpg,1.0,0.0,0.0
405,trial (1363).jpg,1.0,1.0,0.0
406,trial (1364).jpg,0.0,0.0,0.0
407,trial (1365).jpg,0.0,0.0,0.0
408,trial (1366).jpg,2.0,1.0,0.0
409,trial (1367).jpg,1.0,0.0,0.0
410,trial (1368).jpg,1.0,0.0,0.0
411,trial (1369).jpg,1.0,0.0,0.0
412,trial (137).jpg,1.0,0.0,0.0
413,trial (1370).jpg,1.0,0.0,0.0
414,trial (1371).jpg,2.0,1.0,0.0
415,trial (1372).jpg,0.0,0.0,0.0
416,trial (1373).jpg,2.0,1.0,0.0
417,trial (1374).jpg,0.0,0.0,0.0
418,trial (1375).jpg,2.0,1.0,0.0
419,trial (1376).jpg,1.0,0.0,0.0
420,trial (1377).jpg,1.0,0.0,0.0
421,trial (1378).jpg,0.0,0.0,0.0
422,trial (1379).jpg,1.0,0.0,0.0
423,trial (138).jpg,1.0,0.0,0.0
424,trial (1380).jpg,0.0,0.0,0.0
425,trial (1381).jpg,0.0,0.0,0.0
426,trial (1382).jpg,1.0,0.0,0.0
427,trial (1383).jpg,0.0,0.0,0.0
428,trial (1384).jpg,0.0,0.0,0.0
429,trial (1385).jpg,1.0,0.0,0.0
430,trial (1386).jpg,0.0,0.0,0.0
431,trial (1387).jpg,1.0,0.0,0.0
432,trial (1388).jpg,1.0,0.0,0.0
433,trial (1389).jpg,1.0,0.0,0.0
434,trial (139).jpg,1.0,0.0,0.0
435,trial (1390).jpg,2.0,1.0,0.0
436,trial (1391).jpg,0.0,0.0,0.0
437,trial (1392).jpg,1.0,0.0,0.0
438,trial (1393).jpg,1.0,0.0,0.0
439,trial (1394).jpg,0.0,0.0,0.0
440,trial (1395).jpg,0.0,0.0,0.0
441,trial (1396).jpg,0.0,0.0,0.0
442,trial (1397).jpg,0.0,0.0,0.0
443,trial (1398).jpg,0.0,0.0,0.0
444,trial (1399).jpg,0.0,0.0,0.0
445,trial (14).jpg,1.0,0.0,0.0
446,trial (140).jpg,1.0,0.0,0.0
447,trial (1400).jpg,0.0,0.0,0.0
448,trial (1401).jpg,1.0,0.0,0.0
449,trial (1402).jpg,1.0,0.0,0.0
450,trial (1403).jpg,0.0,0.0,0.0
451,trial (1404).jpg,1.0,0.0,0.0
452,trial (1405).jpg,1.0,0.0,0.0
453,trial (1406).jpg,1.0,0.0,0.0
454,trial (1407).jpg,0.0,0.0,0.0
455,trial (1408).jpg,2.0,1.0,0.0
456,trial (1409).jpg,3.0,1.0,0.0
457,trial (141).jpg,2.0,1.0,0.0
458,trial (1410).jpg,1.0,0.0,0.0
459,trial (1411).jpg,1.0,0.0,0.0
460,trial (1412).jpg,2.0,1.0,0.0
461,trial (1413).jpg,1.0,0.0,0.0
462,trial (1414).jpg,0.0,0.0,0.0
463,trial (1415).jpg,0.0,0.0,0.0
464,trial (1416).jpg,1.0,0.0,0.0
465,trial (1417).jpg,0.0,0.0,0.0
466,trial (1418).jpg,1.0,0.0,0.0
467,trial (1419).jpg,2.0,1.0,0.0
468,trial (142).jpg,1.0,0.0,0.0
469,trial (1420).jpg,1.0,0.0,0.0
470,trial (1421).jpg,0.0,0.0,0.0
471,trial (1422).jpg,0.0,0.0,0.0
472,trial (1423).jpg,1.0,0.0,0.0
473,trial (1424).jpg,0.0,0.0,0.0
474,trial (1425).jpg,0.0,0.0,0.0
475,trial (1426).jpg,0.0,0.0,0.0
476,trial (1427).jpg,0.0,0.0,0.0
477,trial (1428).jpg,1.0,0.0,0.0
478,trial (1429).jpg,0.0,0.0,0.0
479,trial (143).jpg,1.0,0.0,0.0
480,trial (1430).jpg,1.0,0.0,0.0
481,trial (1431).jpg,0.0,0.0,0.0
482,trial (1432).jpg,0.0,0.0,0.0
483,trial (1433).jpg,0.0,0.0,0.0
484,trial (1434).jpg,1.0,0.0,0.0
485,trial (1435).jpg,0.0,0.0,0.0
486,trial (1436).jpg,2.0,0.0,0.0
487,trial (1437).jpg,1.0,0.0,0.0
488,trial (1438).jpg,1.0,0.0,0.0
489,trial (1439).jpg,0.0,0.0,0.0
490,trial (144).jpg,1.0,0.0,0.0
491,trial (1440).jpg,0.0,0.0,0.0
492,trial (1441).jpg,1.0,0.0,0.0
493,trial (1442).jpg,2.0,1.0,0.0
494,trial (1443).jpg,0.0,0.0,0.0
495,trial (1444).jpg,1.0,0.0,0.0
496,trial (1445).jpg,3.0,1.0,0.0
497,trial (1446).jpg,1.0,0.0,0.0
498,trial (1447).jpg,1.0,0.0,0.0
499,trial (1448).jpg,2.0,1.0,0.0
500,trial (1449).jpg,1.0,0.0,0.0
501,trial (145).jpg,2.0,1.0,0.0
502,trial (1450).jpg,1.0,0.0,0.0
503,trial (1451).jpg,1.0,0.0,0.0
504,trial (1452).jpg,0.0,0.0,0.0
505,trial (1453).jpg,0.0,0.0,0.0
506,trial (1454).jpg,0.0,0.0,0.0
507,trial (1455).jpg,1.0,0.0,0.0
508,trial (1456).jpg,1.0,0.0,0.0
509,trial (1457).jpg,2.0,1.0,0.0
510,trial (1458).jpg,1.0,0.0,0.0
511,trial (1459).jpg,1.0,0.0,0.0
512,trial (146).jpg,1.0,0.0,0.0
513,trial (1460).jpg,1.0,0.0,0.0
514,trial (1461).jpg,1.0,0.0,0.0
515,trial (1462).jpg,0.0,0.0,0.0
516,trial (1463).jpg,1.0,0.0,0.0
517,trial (1464).jpg,2.0,1.0,0.0
518,trial (1465).jpg,1.0,0.0,0.0
519,trial (1466).jpg,2.0,1.0,0.0
520,trial (1467).jpg,0.0,0.0,0.0
521,trial (1468).jpg,2.0,1.0,0.0
522,trial (1469).jpg,1.0,1.0,0.0
523,trial (147).jpg,1.0,0.0,0.0
524,trial (1470).jpg,1.0,0.0,0.0
525,trial (1471).jpg,1.0,1.0,0.0
526,trial (1472).jpg,2.0,1.0,0.0
527,trial (1473).jpg,1.0,0.0,0.0
528,trial (1474).jpg,1.0,1.0,0.0
529,trial (1475).jpg,1.0,0.0,0.0
530,trial (1476).jpg,0.0,0.0,0.0
531,trial (1477).jpg,0.0,0.0,0.0
532,trial (1478).jpg,2.0,1.0,0.0
533,trial (1479).jpg,2.0,1.0,0.0
534,trial (148).jpg,1.0,0.0,0.0
535,trial (1480).jpg,1.0,0.0,0.0
536,trial (1481).jpg,0.0,0.0,0.0
537,trial (1482).jpg,0.0,0.0,0.0
538,trial (1483).jpg,1.0,0.0,0.0
539,trial (1484).jpg,0.0,0.0,0.0
540,trial (1485).jpg,1.0,0.0,0.0
541,trial (1486).jpg,1.0,0.0,0.0
542,trial (1487).jpg,1.0,0.0,0.0
543,trial (1488).jpg,1.0,0.0,0.0
544,trial (1489).jpg,1.0,0.0,0.0
545,trial (149).jpg,0.0,0.0,0.0
546,trial (1490).jpg,1.0,0.0,0.0
547,trial (1491).jpg,0.0,0.0,0.0
548,trial (1492).jpg,1.0,0.0,0.0
549,trial (1493).jpg,1.0,0.0,0.0
550,trial (1494).jpg,1.0,0.0,0.0
551,trial (1495).jpg,2.0,1.0,0.0
552,trial (1496).jpg,0.0,0.0,0.0
553,trial (1497).jpg,0.0,0.0,0.0
554,trial (1498).jpg,2.0,1.0,0.0
555,trial (1499).jpg,1.0,0.0,0.0
556,trial (15).jpg,1.0,1.0,0.0
557,trial (150).jpg,1.0,1.0,0.0
558,trial (1500).jpg,1.0,0.0,0.0
559,trial (1501).jpg,1.0,0.0,0.0
560,trial (1502).jpg,0.0,0.0,0.0
561,trial (1503).jpg,1.0,0.0,0.0
562,trial (1504).jpg,2.0,1.0,0.0
563,trial (1505).jpg,0.0,0.0,0.0
564,trial (1506).jpg,1.0,0.0,0.0
565,trial (1507).jpg,1.0,0.0,0.0
566,trial (1508).jpg,0.0,0.0,0.0
567,trial (1509).jpg,1.0,0.0,0.0
568,trial (151).jpg,1.0,0.0,0.0
569,trial (1510).jpg,0.0,0.0,0.0
570,trial (1511).jpg,0.0,0.0,0.0
571,trial (1512).jpg,1.0,0.0,0.0
572,trial (1513).jpg,1.0,0.0,0.0
573,trial (1514).jpg,1.0,0.0,0.0
574,trial (1515).jpg,1.0,0.0,0.0
575,trial (1516).jpg,1.0,0.0,0.0
576,trial (1517).jpg,2.0,1.0,0.0
577,trial (1518).jpg,2.0,1.0,0.0
578,trial (1519).jpg,1.0,0.0,0.0
579,trial (152).jpg,1.0,1.0,0.0
580,trial (1520).jpg,1.0,0.0,0.0
581,trial (1521).jpg,0.0,0.0,0.0
582,trial (1522).jpg,0.0,0.0,0.0
583,trial (1523).jpg,0.0,0.0,0.0
584,trial (1524).jpg,0.0,0.0,0.0
585,trial (1525).jpg,1.0,0.0,0.0
586,trial (1526).jpg,2.0,1.0,0.0
587,trial (1527).jpg,1.0,0.0,0.0
588,trial (1528).jpg,1.0,0.0,0.0
589,trial (1529).jpg,1.0,0.0,0.0
590,trial (153).jpg,1.0,0.0,0.0
591,trial (1530).jpg,0.0,0.0,0.0
592,trial (1531).jpg,0.0,0.0,0.0
593,trial (1532).jpg,0.0,0.0,0.0
594,trial (1533).jpg,0.0,0.0,0.0
595,trial (1534).jpg,0.0,0.0,0.0
596,trial (1535).jpg,1.0,0.0,0.0
597,trial (1536).jpg,0.0,0.0,0.0
598,trial (1537).jpg,1.0,0.0,0.0
599,trial (1538).jpg,0.0,0.0,0.0
600,trial (1539).jpg,0.0,0.0,0.0
601,trial (154).jpg,1.0,0.0,0.0
602,trial (1540).jpg,0.0,0.0,0.0
603,trial (1541).jpg,0.0,0.0,0.0
604,trial (1542).jpg,1.0,0.0,0.0
605,trial (1543).jpg,0.0,0.0,0.0
606,trial (1544).jpg,2.0,0.0,0.0
607,trial (1545).jpg,1.0,0.0,0.0
608,trial (1546).jpg,0.0,0.0,0.0
609,trial (1547).jpg,0.0,0.0,0.0
610,trial (1548).jpg,0.0,0.0,0.0
611,trial (1549).jpg,0.0,0.0,0.0
612,trial (155).jpg,0.0,0.0,0.0
613,trial (1550).jpg,0.0,0.0,0.0
614,trial (1551).jpg,0.0,0.0,0.0
615,trial (1552).jpg,0.0,0.0,0.0
616,trial (1553).jpg,0.0,0.0,0.0
617,trial (1554).jpg,2.0,1.0,0.0
618,trial (1555).jpg,0.0,0.0,0.0
619,trial (1556).jpg,1.0,0.0,0.0
620,trial (1557).jpg,0.0,0.0,0.0
621,trial (1558).jpg,2.0,1.0,0.0
622,trial (1559).jpg,1.0,0.0,0.0
623,trial (156).jpg,1.0,0.0,0.0
624,trial (1560).jpg,0.0,0.0,0.0
625,trial (1561).jpg,0.0,0.0,0.0
626,trial (1562).jpg,0.0,0.0,0.0
627,trial (1563).jpg,0.0,0.0,0.0
628,trial (1564).jpg,0.0,0.0,0.0
629,trial (1565).jpg,0.0,0.0,0.0
630,trial (1566).jpg,0.0,0.0,0.0
631,trial (1567).jpg,1.0,0.0,0.0
632,trial (1568).jpg,1.0,0.0,0.0
633,trial (1569).jpg,0.0,0.0,0.0
634,trial (157).jpg,1.0,0.0,0.0
635,trial (1570).jpg,0.0,0.0,0.0
636,trial (1571).jpg,0.0,0.0,0.0
637,trial (1572).jpg,0.0,0.0,0.0
638,trial (1573).jpg,0.0,0.0,0.0
639,trial (1574).jpg,2.0,1.0,0.0
640,trial (1575).jpg,0.0,0.0,0.0
641,trial (1576).jpg,0.0,0.0,0.0
642,trial (1577).jpg,0.0,0.0,0.0
643,trial (1578).jpg,0.0,0.0,0.0
644,trial (1579).jpg,0.0,0.0,0.0
645,trial (158).jpg,1.0,0.0,0.0
646,trial (1580).jpg,0.0,0.0,0.0
647,trial (1581).jpg,0.0,0.0,0.0
648,trial (1582).jpg,0.0,0.0,0.0
649,trial (1583).jpg,0.0,0.0,0.0
650,trial (1584).jpg,0.0,0.0,0.0
651,trial (1585).jpg,0.0,0.0,0.0
652,trial (1586).jpg,0.0,0.0,0.0
653,trial (1587).jpg,0.0,0.0,0.0
654,trial (1588).jpg,0.0,0.0,0.0
655,trial (1589).jpg,0.0,0.0,0.0
656,trial (159).jpg,2.0,1.0,0.0
657,trial (1590).jpg,0.0,0.0,0.0
658,trial (1591).jpg,0.0,0.0,0.0
659,trial (1592).jpg,0.0,0.0,0.0
660,trial (1593).jpg,0.0,0.0,0.0
661,trial (1594).jpg,0.0,0.0,0.0
662,trial (1595).jpg,0.0,0.0,0.0
663,trial (1596).jpg,0.0,0.0,0.0
664,trial (1597).jpg,0.0,0.0,0.0
665,trial (1598).jpg,0.0,0.0,0.0
666,trial (1599).jpg,0.0,0.0,0.0
667,trial (16).jpg,0.0,0.0,0.0
668,trial (160).jpg,1.0,0.0,0.0
669,trial (1600).jpg,0.0,0.0,0.0
670,trial (1601).jpg,0.0,0.0,0.0
671,trial (1602).jpg,0.0,0.0,0.0
672,trial (1603).jpg,0.0,0.0,0.0
673,trial (1604).jpg,0.0,0.0,0.0
674,trial (1605).jpg,0.0,0.0,0.0
675,trial (1606).jpg,1.0,0.0,0.0
676,trial (1607).jpg,1.0,0.0,0.0
677,trial (1608).jpg,2.0,1.0,0.0
678,trial (1609).jpg,1.0,0.0,0.0
679,trial (161).jpg,1.0,0.0,0.0
680,trial (1610).jpg,1.0,0.0,0.0
681,trial (1611).jpg,0.0,0.0,0.0
682,trial (1612).jpg,1.0,0.0,0.0
683,trial (1613).jpg,1.0,0.0,0.0
684,trial (1614).jpg,1.0,0.0,0.0
685,trial (1615).jpg,1.0,0.0,0.0
686,trial (1616).jpg,1.0,0.0,0.0
687,trial (1617).jpg,0.0,0.0,0.0
688,trial (1618).jpg,1.0,0.0,0.0
689,trial (1619).jpg,1.0,0.0,0.0
690,trial (162).jpg,1.0,0.0,0.0
691,trial (1620).jpg,1.0,0.0,0.0
692,trial (1621).jpg,1.0,0.0,0.0
693,trial (1622).jpg,1.0,0.0,0.0
694,trial (1623).jpg,1.0,0.0,0.0
695,trial (1624).jpg,1.0,0.0,0.0
696,trial (1625).jpg,1.0,0.0,0.0
697,trial (1626).jpg,1.0,0.0,0.0
698,trial (1627).jpg,1.0,0.0,0.0
699,trial (1628).jpg,1.0,0.0,0.0
700,trial (1629).jpg,1.0,0.0,0.0
701,trial (163).jpg,1.0,0.0,0.0
702,trial (1630).jpg,1.0,0.0,0.0
703,trial (1631).jpg,1.0,0.0,0.0
704,trial (1632).jpg,1.0,0.0,0.0
705,trial (1633).jpg,1.0,0.0,0.0
706,trial (1634).jpg,1.0,0.0,0.0
707,trial (1635).jpg,0.0,0.0,0.0
708,trial (1636).jpg,1.0,0.0,0.0
709,trial (1637).jpg,1.0,0.0,0.0
710,trial (1638).jpg,1.0,0.0,0.0
711,trial (1639).jpg,2.0,0.0,0.0
712,trial (164).jpg,0.0,0.0,0.0
713,trial (1640).jpg,1.0,0.0,0.0
714,trial (1641).jpg,1.0,0.0,0.0
715,trial (1642).jpg,1.0,0.0,0.0
716,trial (1643).jpg,1.0,0.0,0.0
717,trial (1644).jpg,1.0,0.0,0.0
718,trial (1645).jpg,1.0,0.0,0.0
719,trial (1646).jpg,1.0,0.0,0.0
720,trial (1647).jpg,1.0,0.0,0.0
721,trial (1648).jpg,1.0,0.0,0.0
722,trial (1649).jpg,1.0,0.0,0.0
723,trial (165).jpg,2.0,1.0,0.0
724,trial (1650).jpg,1.0,0.0,0.0
725,trial (1651).jpg,1.0,0.0,0.0
726,trial (1652).jpg,1.0,0.0,0.0
727,trial (1653).jpg,1.0,0.0,0.0
728,trial (1654).jpg,1.0,0.0,0.0
729,trial (1655).jpg,1.0,0.0,0.0
730,trial (1656).jpg,1.0,0.0,0.0
731,trial (1657).jpg,1.0,0.0,0.0
732,trial (1658).jpg,1.0,0.0,0.0
733,trial (1659).jpg,1.0,0.0,0.0
734,trial (166).jpg,0.0,0.0,0.0
735,trial (1660).jpg,1.0,0.0,0.0
736,trial (1661).jpg,1.0,0.0,0.0
737,trial (1662).jpg,1.0,0.0,0.0
738,trial (1663).jpg,1.0,0.0,0.0
739,trial (1664).jpg,1.0,0.0,0.0
740,trial (1665).jpg,1.0,0.0,0.0
741,trial (1666).jpg,1.0,0.0,0.0
742,trial (1667).jpg,1.0,0.0,0.0
743,trial (1668).jpg,1.0,0.0,0.0
744,trial (1669).jpg,1.0,0.0,0.0
745,trial (167).jpg,2.0,0.0,0.0
746,trial (1670).jpg,1.0,0.0,0.0
747,trial (1671).jpg,1.0,0.0,0.0
748,trial (1672).jpg,1.0,0.0,0.0
749,trial (1673).jpg,1.0,0.0,0.0
750,trial (1674).jpg,0.0,0.0,0.0
751,trial (1675).jpg,1.0,0.0,0.0
752,trial (1676).jpg,1.0,0.0,0.0
753,trial (1677).jpg,1.0,0.0,0.0
754,trial (1678).jpg,1.0,0.0,0.0
755,trial (1679).jpg,0.0,0.0,0.0
756,trial (168).jpg,1.0,0.0,0.0
757,trial (1680).jpg,1.0,0.0,0.0
758,trial (1681).jpg,1.0,0.0,0.0
759,trial (1682).jpg,0.0,0.0,0.0
760,trial (1683).jpg,1.0,0.0,0.0
761,trial (1684).jpg,1.0,0.0,0.0
762,trial (1685).jpg,0.0,0.0,0.0
763,trial (1686).jpg,1.0,0.0,0.0
764,trial (1687).jpg,1.0,0.0,0.0
765,trial (1688).jpg,1.0,0.0,0.0
766,trial (1689).jpg,1.0,0.0,0.0
767,trial (169).jpg,1.0,0.0,0.0
768,trial (1690).jpg,1.0,0.0,0.0
769,trial (1691).jpg,2.0,1.0,0.0
770,trial (1692).jpg,1.0,0.0,0.0
771,trial (1693).jpg,1.0,0.0,0.0
772,trial (1694).jpg,1.0,0.0,0.0
773,trial (1695).jpg,0.0,0.0,0.0
774,trial (1696).jpg,2.0,0.0,0.0
775,trial (1697).jpg,1.0,0.0,0.0
776,trial (1698).jpg,1.0,0.0,0.0
777,trial (1699).jpg,1.0,0.0,0.0
778,trial (17).jpg,0.0,0.0,0.0
779,trial (170).jpg,1.0,0.0,0.0
780,trial (1700).jpg,0.0,0.0,0.0
781,trial (1701).jpg,0.0,0.0,0.0
782,trial (1702).jpg,0.0,0.0,0.0
783,trial (1703).jpg,1.0,0.0,0.0
784,trial (171).jpg,1.0,0.0,0.0
785,trial (172).jpg,1.0,0.0,0.0
786,trial (173).jpg,1.0,0.0,0.0
787,trial (174).jpg,1.0,0.0,0.0
788,trial (175).jpg,1.0,0.0,0.0
789,trial (176).jpg,1.0,0.0,0.0
790,trial (177).jpg,1.0,0.0,0.0
791,trial (178).jpg,1.0,0.0,0.0
792,trial (179).jpg,1.0,0.0,0.0
793,trial (18).jpg,0.0,0.0,0.0
794,trial (180).jpg,1.0,0.0,0.0
795,trial (181).jpg,1.0,0.0,0.0
796,trial (182).jpg,2.0,0.0,0.0
797,trial (183).jpg,1.0,0.0,0.0
798,trial (184).jpg,1.0,0.0,0.0
799,trial (185).jpg,1.0,0.0,0.0
800,trial (186).jpg,0.0,0.0,0.0
801,trial (187).jpg,1.0,0.0,0.0
802,trial (188).jpg,1.0,0.0,0.0
803,trial (189).jpg,1.0,0.0,0.0
804,trial (19).jpg,1.0,0.0,0.0
805,trial (190).jpg,1.0,0.0,0.0
806,trial (191).jpg,0.0,0.0,0.0
807,trial (192).jpg,0.0,0.0,0.0
808,trial (193).jpg,1.0,0.0,0.0
809,trial (194).jpg,1.0,0.0,0.0
810,trial (195).jpg,0.0,0.0,0.0
811,trial (196).jpg,1.0,0.0,0.0
812,trial (197).jpg,1.0,0.0,0.0
813,trial (198).jpg,1.0,0.0,0.0
814,trial (199).jpg,1.0,0.0,0.0
815,trial (2).jpg,2.0,1.0,0.0
816,trial (20).jpg,1.0,0.0,0.0
817,trial (200).jpg,1.0,1.0,0.0
818,trial (201).jpg,1.0,0.0,0.0
819,trial (202).jpg,1.0,0.0,0.0
820,trial (203).jpg,1.0,0.0,0.0
821,trial (204).jpg,1.0,0.0,0.0
822,trial (205).jpg,1.0,1.0,0.0
823,trial (206).jpg,1.0,0.0,0.0
824,trial (207).jpg,1.0,0.0,0.0
825,trial (208).jpg,1.0,0.0,0.0
826,trial (209).jpg,1.0,0.0,0.0
827,trial (21).jpg,1.0,1.0,0.0
828,trial (210).jpg,1.0,0.0,0.0
829,trial (211).jpg,1.0,0.0,0.0
830,trial (212).jpg,1.0,0.0,0.0
831,trial (213).jpg,1.0,0.0,0.0
832,trial (214).jpg,0.0,0.0,0.0
833,trial (215).jpg,1.0,0.0,0.0
834,trial (216).jpg,1.0,0.0,0.0
835,trial (217).jpg,0.0,0.0,0.0
836,trial (218).jpg,1.0,0.0,0.0
837,trial (219).jpg,0.0,0.0,0.0
838,trial (22).jpg,1.0,0.0,0.0
839,trial (220).jpg,0.0,0.0,0.0
840,trial (221).jpg,1.0,0.0,0.0
841,trial (222).jpg,0.0,0.0,0.0
842,trial (223).jpg,1.0,0.0,0.0
843,trial (224).jpg,1.0,0.0,0.0
844,trial (225).jpg,1.0,0.0,0.0
845,trial (226).jpg,2.0,1.0,0.0
846,trial (227).jpg,1.0,0.0,0.0
847,trial (228).jpg,1.0,0.0,0.0
848,trial (229).jpg,1.0,0.0,0.0
849,trial (23).jpg,1.0,0.0,0.0
850,trial (230).jpg,1.0,0.0,0.0
851,trial (231).jpg,1.0,0.0,0.0
852,trial (232).jpg,1.0,0.0,0.0
853,trial (233).jpg,1.0,0.0,0.0
854,trial (234).jpg,2.0,0.0,0.0
855,trial (235).jpg,1.0,0.0,0.0
856,trial (236).jpg,1.0,0.0,0.0
857,trial (237).jpg,1.0,0.0,0.0
858,trial (238).jpg,0.0,0.0,0.0
859,trial (239).jpg,2.0,0.0,0.0
860,trial (24).jpg,1.0,0.0,0.0
861,trial (240).jpg,1.0,0.0,0.0
862,trial (241).jpg,1.0,0.0,0.0
863,trial (242).jpg,1.0,0.0,0.0
864,trial (243).jpg,1.0,1.0,0.0
865,trial (244).jpg,1.0,0.0,0.0
866,trial (245).jpg,1.0,0.0,0.0
867,trial (246).jpg,1.0,0.0,0.0
868,trial (247).jpg,1.0,0.0,0.0
869,trial (248).jpg,1.0,0.0,0.0
870,trial (249).jpg,1.0,0.0,0.0
871,trial (25).jpg,1.0,0.0,0.0
872,trial (250).jpg,1.0,0.0,0.0
873,trial (251).jpg,1.0,0.0,0.0
874,trial (252).jpg,1.0,0.0,0.0
875,trial (253).jpg,1.0,0.0,0.0
876,trial (254).jpg,1.0,0.0,0.0
877,trial (255).jpg,0.0,0.0,0.0
878,trial (256).jpg,0.0,0.0,0.0
879,trial (257).jpg,0.0,0.0,0.0
880,trial (258).jpg,1.0,0.0,0.0
881,trial (259).jpg,1.0,0.0,0.0
882,trial (26).jpg,1.0,0.0,0.0
883,trial (260).jpg,1.0,0.0,0.0
884,trial (261).jpg,1.0,0.0,0.0
885,trial (262).jpg,1.0,0.0,0.0
886,trial (263).jpg,1.0,0.0,0.0
887,trial (264).jpg,1.0,0.0,0.0
888,trial (265).jpg,1.0,0.0,0.0
889,trial (266).jpg,1.0,0.0,0.0
890,trial (267).jpg,1.0,0.0,0.0
891,trial (268).jpg,1.0,0.0,0.0
892,trial (269).jpg,0.0,0.0,0.0
893,trial (27).jpg,1.0,0.0,0.0
894,trial (270).jpg,1.0,0.0,0.0
895,trial (271).jpg,1.0,0.0,0.0
896,trial (272).jpg,1.0,0.0,0.0
897,trial (273).jpg,0.0,0.0,0.0
898,trial (274).jpg,1.0,0.0,0.0
899,trial (275).jpg,1.0,0.0,0.0
900,trial (276).jpg,1.0,0.0,0.0
901,trial (277).jpg,1.0,0.0,0.0
902,trial (278).jpg,1.0,0.0,0.0
903,trial (279).jpg,0.0,0.0,0.0
904,trial (28).jpg,1.0,0.0,0.0
905,trial (280).jpg,1.0,0.0,0.0
906,trial (281).jpg,1.0,0.0,0.0
907,trial (282).jpg,1.0,0.0,0.0
908,trial (283).jpg,1.0,0.0,0.0
909,trial (284).jpg,1.0,0.0,0.0
910,trial (285).jpg,1.0,0.0,0.0
911,trial (286).jpg,1.0,0.0,0.0
912,trial (287).jpg,1.0,0.0,0.0
913,trial (288).jpg,1.0,0.0,0.0
914,trial (289).jpg,1.0,0.0,0.0
915,trial (29).jpg,1.0,0.0,0.0
916,trial (290).jpg,1.0,0.0,0.0
917,trial (291).jpg,1.0,0.0,0.0
918,trial (292).jpg,0.0,0.0,0.0
919,trial (293).jpg,1.0,0.0,0.0
920,trial (294).jpg,1.0,0.0,0.0
921,trial (295).jpg,1.0,0.0,0.0
922,trial (296).jpg,1.0,0.0,0.0
923,trial (297).jpg,1.0,0.0,0.0
924,trial (298).jpg,1.0,0.0,0.0
925,trial (299).jpg,1.0,0.0,0.0
926,trial (3).jpg,1.0,0.0,0.0
927,trial (30).jpg,1.0,0.0,0.0
928,trial (300).jpg,1.0,0.0,0.0
929,trial (301).jpg,1.0,0.0,0.0
930,trial (302).jpg,0.0,0.0,0.0
931,trial (303).jpg,2.0,0.0,0.0
932,trial (304).jpg,1.0,1.0,0.0
933,trial (305).jpg,1.0,0.0,0.0
934,trial (306).jpg,1.0,0.0,0.0
935,trial (307).jpg,1.0,0.0,0.0
936,trial (308).jpg,1.0,0.0,0.0
937,trial (309).jpg,1.0,0.0,0.0
938,trial (31).jpg,1.0,0.0,0.0
939,trial (310).jpg,1.0,0.0,0.0
940,trial (311).jpg,1.0,0.0,0.0
941,trial (312).jpg,1.0,0.0,0.0
942,trial (313).jpg,1.0,0.0,0.0
943,trial (314).jpg,1.0,0.0,0.0
944,trial (315).jpg,1.0,0.0,0.0
945,trial (316).jpg,1.0,0.0,0.0
946,trial (317).jpg,1.0,0.0,0.0
947,trial (318).jpg,1.0,0.0,0.0
948,trial (319).jpg,1.0,0.0,0.0
949,trial (32).jpg,2.0,0.0,0.0
950,trial (320).jpg,1.0,0.0,0.0
951,trial (321).jpg,1.0,0.0,0.0
952,trial (322).jpg,1.0,0.0,0.0
953,trial (323).jpg,1.0,0.0,0.0
954,trial (324).jpg,1.0,0.0,0.0
955,trial (325).jpg,1.0,0.0,0.0
956,trial (326).jpg,1.0,0.0,0.0
957,trial (327).jpg,1.0,0.0,0.0
958,trial (328).jpg,1.0,0.0,0.0
959,trial (329).jpg,1.0,0.0,0.0
960,trial (33).jpg,1.0,0.0,0.0
961,trial (330).jpg,1.0,0.0,0.0
962,trial (331).jpg,1.0,0.0,0.0
963,trial (332).jpg,1.0,0.0,0.0
964,trial (333).jpg,1.0,0.0,0.0
965,trial (334).jpg,1.0,0.0,0.0
966,trial (335).jpg,1.0,0.0,0.0
967,trial (336).jpg,1.0,0.0,0.0
968,trial (337).jpg,0.0,0.0,0.0
969,trial (338).jpg,0.0,0.0,0.0
970,trial (339).jpg,1.0,0.0,0.0
971,trial (34).jpg,0.0,0.0,0.0
972,trial (340).jpg,1.0,0.0,0.0
973,trial (341).jpg,1.0,0.0,0.0
974,trial (342).jpg,2.0,0.0,0.0
975,trial (343).jpg,0.0,0.0,0.0
976,trial (344).jpg,1.0,0.0,0.0
977,trial (345).jpg,1.0,0.0,0.0
978,trial (346).jpg,1.0,0.0,0.0
979,trial (347).jpg,1.0,0.0,0.0
980,trial (348).jpg,1.0,0.0,0.0
981,trial (349).jpg,1.0,0.0,0.0
982,trial (35).jpg,1.0,0.0,0.0
983,trial (350).jpg,1.0,0.0,0.0
984,trial (351).jpg,1.0,0.0,0.0
985,trial (352).jpg,1.0,0.0,0.0
986,trial (353).jpg,2.0,1.0,0.0
987,trial (354).jpg,0.0,0.0,0.0
988,trial (355).jpg,3.0,0.0,0.0
989,trial (356).jpg,1.0,0.0,0.0
990,trial (357).jpg,1.0,0.0,0.0
991,trial (358).jpg,1.0,0.0,0.0
992,trial (359).jpg,1.0,0.0,0.0
993,trial (36).jpg,1.0,0.0,0.0
994,trial (360).jpg,1.0,0.0,0.0
995,trial (361).jpg,1.0,0.0,0.0
996,trial (362).jpg,1.0,0.0,0.0
997,trial (363).jpg,0.0,0.0,0.0
998,trial (364).jpg,1.0,0.0,0.0
999,trial (365).jpg,1.0,0.0,0.0
1000,trial (366).jpg,0.0,0.0,0.0
1001,trial (367).jpg,1.0,0.0,0.0
1002,trial (368).jpg,0.0,0.0,0.0
1003,trial (369).jpg,1.0,0.0,0.0
1004,trial (37).jpg,1.0,0.0,0.0
1005,trial (370).jpg,1.0,0.0,0.0
1006,trial (371).jpg,1.0,0.0,0.0
1007,trial (372).jpg,1.0,0.0,0.0
1008,trial (373).jpg,1.0,0.0,0.0
1009,trial (374).jpg,1.0,0.0,0.0
1010,trial (375).jpg,1.0,0.0,0.0
1011,trial (376).jpg,1.0,0.0,0.0
1012,trial (377).jpg,1.0,0.0,0.0
1013,trial (378).jpg,1.0,0.0,0.0
1014,trial (379).jpg,1.0,0.0,0.0
1015,trial (38).jpg,1.0,0.0,0.0
1016,trial (380).jpg,1.0,0.0,0.0
1017,trial (381).jpg,1.0,0.0,0.0
1018,trial (382).jpg,1.0,0.0,0.0
1019,trial (383).jpg,1.0,0.0,0.0
1020,trial (384).jpg,1.0,0.0,0.0
1021,trial (385).jpg,1.0,0.0,0.0
1022,trial (386).jpg,1.0,0.0,0.0
1023,trial (387).jpg,1.0,0.0,0.0
1024,trial (388).jpg,1.0,0.0,0.0
1025,trial (389).jpg,2.0,0.0,0.0
1026,trial (39).jpg,1.0,0.0,0.0
1027,trial (390).jpg,1.0,0.0,0.0
1028,trial (391).jpg,1.0,0.0,0.0
1029,trial (392).jpg,1.0,0.0,0.0
1030,trial (393).jpg,1.0,0.0,0.0
1031,trial (394).jpg,1.0,0.0,0.0
1032,trial (395).jpg,1.0,0.0,0.0
1033,trial (396).jpg,1.0,0.0,0.0
1034,trial (397).jpg,2.0,0.0,0.0
1035,trial (398).jpg,1.0,0.0,0.0
1036,trial (399).jpg,1.0,0.0,0.0
1037,trial (4).jpg,0.0,0.0,0.0
1038,trial (40).jpg,1.0,0.0,0.0
1039,trial (400).jpg,1.0,0.0,0.0
1040,trial (401).jpg,1.0,0.0,0.0
1041,trial (402).jpg,1.0,0.0,0.0
1042,trial (403).jpg,1.0,0.0,0.0
1043,trial (404).jpg,1.0,0.0,0.0
1044,trial (405).jpg,1.0,0.0,0.0
1045,trial (406).jpg,1.0,0.0,0.0
1046,trial (407).jpg,1.0,0.0,0.0
1047,trial (408).jpg,1.0,0.0,0.0
1048,trial (409).jpg,1.0,0.0,0.0
1049,trial (41).jpg,1.0,0.0,0.0
1050,trial (410).jpg,0.0,0.0,0.0
1051,trial (411).jpg,2.0,0.0,0.0
1052,trial (412).jpg,1.0,0.0,0.0
1053,trial (413).jpg,1.0,0.0,0.0
1054,trial (414).jpg,1.0,0.0,0.0
1055,trial (415).jpg,1.0,0.0,0.0
1056,trial (416).jpg,1.0,0.0,0.0
1057,trial (417).jpg,1.0,0.0,0.0
1058,trial (418).jpg,1.0,0.0,0.0
1059,trial (419).jpg,1.0,0.0,0.0
1060,trial (42).jpg,0.0,0.0,0.0
1061,trial (420).jpg,1.0,0.0,0.0
1062,trial (421).jpg,1.0,0.0,0.0
1063,trial (422).jpg,1.0,0.0,0.0
1064,trial (423).jpg,1.0,0.0,0.0
1065,trial (424).jpg,1.0,0.0,0.0
1066,trial (425).jpg,1.0,0.0,0.0
1067,trial (426).jpg,0.0,0.0,0.0
1068,trial (427).jpg,1.0,0.0,0.0
1069,trial (428).jpg,1.0,0.0,0.0
1070,trial (429).jpg,1.0,0.0,0.0
1071,trial (43).jpg,1.0,0.0,0.0
1072,trial (430).jpg,1.0,0.0,0.0
1073,trial (431).jpg,1.0,0.0,0.0
1074,trial (432).jpg,1.0,0.0,0.0
1075,trial (433).jpg,1.0,0.0,0.0
1076,trial (434).jpg,2.0,1.0,0.0
1077,trial (435).jpg,0.0,0.0,0.0
1078,trial (436).jpg,0.0,0.0,0.0
1079,trial (437).jpg,1.0,0.0,0.0
1080,trial (438).jpg,1.0,0.0,0.0
1081,trial (439).jpg,1.0,0.0,0.0
1082,trial (44).jpg,1.0,0.0,0.0
1083,trial (440).jpg,1.0,0.0,0.0
1084,trial (441).jpg,0.0,0.0,0.0
1085,trial (442).jpg,1.0,0.0,0.0
1086,trial (443).jpg,2.0,0.0,0.0
1087,trial (444).jpg,0.0,0.0,0.0
1088,trial (445).jpg,1.0,0.0,0.0
1089,trial (446).jpg,1.0,0.0,0.0
1090,trial (447).jpg,1.0,1.0,0.0
1091,trial (448).jpg,1.0,0.0,0.0
1092,trial (449).jpg,1.0,0.0,0.0
1093,trial (45).jpg,1.0,0.0,0.0
1094,trial (450).jpg,0.0,0.0,0.0
1095,trial (451).jpg,1.0,0.0,0.0
1096,trial (452).jpg,1.0,0.0,0.0
1097,trial (453).jpg,1.0,0.0,0.0
1098,trial (454).jpg,1.0,0.0,0.0
1099,trial (455).jpg,1.0,0.0,0.0
1100,trial (456).jpg,1.0,0.0,0.0
1101,trial (457).jpg,2.0,0.0,0.0
1102,trial (458).jpg,1.0,0.0,0.0
1103,trial (459).jpg,1.0,0.0,0.0
1104,trial (46).jpg,1.0,0.0,0.0
1105,trial (460).jpg,0.0,0.0,0.0
1106,trial (461).jpg,1.0,1.0,0.0
1107,trial (462).jpg,0.0,0.0,0.0
1108,trial (463).jpg,1.0,0.0,0.0
1109,trial (464).jpg,1.0,0.0,0.0
1110,trial (465).jpg,1.0,0.0,0.0
1111,trial (466).jpg,0.0,0.0,0.0
1112,trial (467).jpg,1.0,0.0,0.0
1113,trial (468).jpg,1.0,0.0,0.0
1114,trial (469).jpg,1.0,0.0,0.0
1115,trial (47).jpg,1.0,0.0,0.0
1116,trial (470).jpg,1.0,0.0,0.0
1117,trial (471).jpg,1.0,0.0,0.0
1118,trial (472).jpg,1.0,0.0,0.0
1119,trial (473).jpg,1.0,0.0,0.0
1120,trial (474).jpg,1.0,0.0,0.0
1121,trial (475).jpg,1.0,0.0,0.0
1122,trial (476).jpg,1.0,0.0,0.0
1123,trial (477).jpg,1.0,0.0,0.0
1124,trial (478).jpg,1.0,0.0,0.0
1125,trial (479).jpg,0.0,0.0,0.0
1126,trial (48).jpg,1.0,0.0,0.0
1127,trial (480).jpg,1.0,0.0,0.0
1128,trial (481).jpg,1.0,0.0,0.0
1129,trial (482).jpg,1.0,0.0,0.0
1130,trial (483).jpg,1.0,0.0,0.0
1131,trial (484).jpg,1.0,0.0,0.0
1132,trial (485).jpg,0.0,0.0,0.0
1133,trial (486).jpg,0.0,0.0,0.0
1134,trial (487).jpg,2.0,1.0,1.0
1135,trial (488).jpg,1.0,0.0,0.0
1136,trial (489).jpg,0.0,0.0,0.0
1137,trial (49).jpg,1.0,0.0,0.0
1138,trial (490).jpg,1.0,0.0,0.0
1139,trial (491).jpg,1.0,0.0,0.0
1140,trial (492).jpg,1.0,0.0,0.0
1141,trial (493).jpg,1.0,0.0,0.0
1142,trial (494).jpg,1.0,0.0,0.0
1143,trial (495).jpg,1.0,0.0,0.0
1144,trial (496).jpg,1.0,0.0,0.0
1145,trial (497).jpg,1.0,0.0,0.0
1146,trial (498).jpg,1.0,0.0,0.0
1147,trial (499).jpg,1.0,0.0,0.0
1148,trial (5).jpg,1.0,0.0,0.0
1149,trial (50).jpg,1.0,0.0,0.0
1150,trial (500).jpg,1.0,0.0,0.0
1151,trial (501).jpg,1.0,1.0,0.0
1152,trial (502).jpg,1.0,0.0,0.0
1153,trial (503).jpg,1.0,0.0,0.0
1154,trial (504).jpg,1.0,0.0,0.0
1155,trial (505).jpg,1.0,0.0,0.0
1156,trial (506).jpg,1.0,0.0,0.0
1157,trial (507).jpg,1.0,0.0,0.0
1158,trial (508).jpg,1.0,0.0,0.0
1159,trial (509).jpg,1.0,0.0,0.0
1160,trial (51).jpg,1.0,0.0,0.0
1161,trial (510).jpg,1.0,0.0,0.0
1162,trial (511).jpg,1.0,0.0,0.0
1163,trial (512).jpg,1.0,0.0,0.0
1164,trial (513).jpg,1.0,0.0,0.0
1165,trial (514).jpg,1.0,0.0,0.0
1166,trial (515).jpg,1.0,0.0,0.0
1167,trial (516).jpg,2.0,1.0,0.0
1168,trial (517).jpg,1.0,0.0,0.0
1169,trial (518).jpg,1.0,0.0,0.0
1170,trial (519).jpg,1.0,0.0,0.0
1171,trial (52).jpg,1.0,0.0,0.0
1172,trial (520).jpg,2.0,0.0,0.0
1173,trial (521).jpg,1.0,0.0,0.0
1174,trial (522).jpg,1.0,0.0,0.0
1175,trial (523).jpg,1.0,0.0,0.0
1176,trial (524).jpg,1.0,0.0,0.0
1177,trial (525).jpg,1.0,0.0,0.0
1178,trial (526).jpg,1.0,0.0,0.0
1179,trial (527).jpg,1.0,0.0,0.0
1180,trial (528).jpg,1.0,0.0,0.0
1181,trial (529).jpg,1.0,0.0,0.0
1182,trial (53).jpg,1.0,0.0,0.0
1183,trial (530).jpg,1.0,0.0,0.0
1184,trial (531).jpg,1.0,0.0,0.0
1185,trial (532).jpg,1.0,0.0,0.0
1186,trial (533).jpg,1.0,0.0,0.0
1187,trial (534).jpg,1.0,0.0,0.0
1188,trial (535).jpg,1.0,0.0,0.0
1189,trial (536).jpg,0.0,0.0,0.0
1190,trial (537).jpg,1.0,1.0,0.0
1191,trial (538).jpg,1.0,0.0,0.0
1192,trial (539).jpg,1.0,0.0,0.0
1193,trial (54).jpg,1.0,0.0,0.0
1194,trial (540).jpg,1.0,0.0,0.0
1195,trial (541).jpg,1.0,0.0,0.0
1196,trial (542).jpg,1.0,0.0,0.0
1197,trial (543).jpg,1.0,0.0,0.0
1198,trial (544).jpg,1.0,0.0,0.0
1199,trial (545).jpg,1.0,0.0,0.0
1200,trial (546).jpg,1.0,0.0,0.0
1201,trial (547).jpg,1.0,0.0,0.0
1202,trial (548).jpg,1.0,0.0,0.0
1203,trial (549).jpg,1.0,1.0,0.0
1204,trial (55).jpg,1.0,0.0,0.0
1205,trial (550).jpg,1.0,0.0,0.0
1206,trial (551).jpg,1.0,0.0,0.0
1207,trial (552).jpg,0.0,0.0,0.0
1208,trial (553).jpg,0.0,0.0,0.0
1209,trial (554).jpg,1.0,0.0,0.0
1210,trial (555).jpg,0.0,0.0,0.0
1211,trial (556).jpg,0.0,0.0,0.0
1212,trial (557).jpg,1.0,0.0,0.0
1213,trial (558).jpg,0.0,0.0,0.0
1214,trial (559).jpg,2.0,1.0,0.0
1215,trial (56).jpg,3.0,1.0,0.0
1216,trial (560).jpg,0.0,0.0,0.0
1217,trial (561).jpg,1.0,0.0,0.0
1218,trial (562).jpg,1.0,0.0,0.0
1219,trial (563).jpg,1.0,0.0,0.0
1220,trial (564).jpg,1.0,0.0,0.0
1221,trial (565).jpg,1.0,0.0,0.0
1222,trial (566).jpg,1.0,0.0,0.0
1223,trial (567).jpg,1.0,0.0,0.0
1224,trial (568).jpg,2.0,0.0,0.0
1225,trial (569).jpg,1.0,0.0,0.0
1226,trial (57).jpg,0.0,0.0,0.0
1227,trial (570).jpg,1.0,0.0,0.0
1228,trial (571).jpg,1.0,0.0,0.0
1229,trial (572).jpg,1.0,0.0,0.0
1230,trial (573).jpg,1.0,0.0,0.0
1231,trial (574).jpg,2.0,1.0,0.0
1232,trial (575).jpg,1.0,0.0,0.0
1233,trial (576).jpg,1.0,0.0,0.0
1234,trial (577).jpg,1.0,0.0,0.0
1235,trial (578).jpg,1.0,0.0,0.0
1236,trial (579).jpg,0.0,0.0,0.0
1237,trial (58).jpg,1.0,0.0,0.0
1238,trial (580).jpg,1.0,0.0,0.0
1239,trial (581).jpg,1.0,0.0,0.0
1240,trial (582).jpg,1.0,0.0,0.0
1241,trial (583).jpg,1.0,0.0,0.0
1242,trial (584).jpg,1.0,0.0,0.0
1243,trial (585).jpg,1.0,0.0,0.0
1244,trial (586).jpg,1.0,0.0,0.0
1245,trial (587).jpg,2.0,0.0,0.0
1246,trial (588).jpg,1.0,0.0,0.0
1247,trial (589).jpg,1.0,0.0,0.0
1248,trial (59).jpg,1.0,0.0,0.0
1249,trial (590).jpg,1.0,0.0,0.0
1250,trial (591).jpg,0.0,0.0,0.0
1251,trial (592).jpg,0.0,0.0,0.0
1252,trial (593).jpg,1.0,0.0,0.0
1253,trial (594).jpg,1.0,0.0,0.0
1254,trial (595).jpg,1.0,0.0,0.0
1255,trial (596).jpg,1.0,0.0,0.0
1256,trial (597).jpg,1.0,0.0,0.0
1257,trial (598).jpg,1.0,0.0,0.0
1258,trial (599).jpg,1.0,0.0,0.0
1259,trial (6).jpg,1.0,1.0,0.0
1260,trial (60).jpg,2.0,1.0,0.0
1261,trial (600).jpg,1.0,0.0,0.0
1262,trial (601).jpg,0.0,0.0,0.0
1263,trial (602).jpg,1.0,0.0,0.0
1264,trial (603).jpg,1.0,0.0,0.0
1265,trial (604).jpg,1.0,0.0,0.0
1266,trial (605).jpg,0.0,0.0,0.0
1267,trial (606).jpg,1.0,0.0,0.0
1268,trial (607).jpg,1.0,1.0,0.0
1269,trial (608).jpg,0.0,0.0,0.0
1270,trial (609).jpg,1.0,0.0,0.0
1271,trial (61).jpg,0.0,0.0,0.0
1272,trial (610).jpg,0.0,0.0,0.0
1273,trial (611).jpg,2.0,1.0,0.0
1274,trial (612).jpg,1.0,0.0,0.0
1275,trial (613).jpg,1.0,0.0,0.0
1276,trial (614).jpg,1.0,0.0,0.0
1277,trial (615).jpg,0.0,0.0,0.0
1278,trial (616).jpg,0.0,0.0,0.0
1279,trial (617).jpg,1.0,0.0,0.0
1280,trial (618).jpg,1.0,0.0,0.0
1281,trial (619).jpg,1.0,0.0,0.0
1282,trial (62).jpg,1.0,0.0,0.0
1283,trial (620).jpg,1.0,0.0,0.0
1284,trial (621).jpg,1.0,0.0,0.0
1285,trial (622).jpg,1.0,0.0,0.0
1286,trial (623).jpg,1.0,0.0,0.0
1287,trial (624).jpg,1.0,0.0,0.0
1288,trial (625).jpg,0.0,0.0,0.0
1289,trial (626).jpg,1.0,0.0,0.0
1290,trial (627).jpg,1.0,0.0,0.0
1291,trial (628).jpg,1.0,0.0,0.0
1292,trial (629).jpg,0.0,0.0,0.0
1293,trial (63).jpg,1.0,0.0,0.0
1294,trial (630).jpg,1.0,0.0,0.0
1295,trial (631).jpg,1.0,0.0,0.0
1296,trial (632).jpg,1.0,0.0,0.0
1297,trial (633).jpg,2.0,1.0,0.0
1298,trial (634).jpg,1.0,0.0,0.0
1299,trial (635).jpg,1.0,0.0,0.0
1300,trial (636).jpg,0.0,0.0,0.0
1301,trial (637).jpg,1.0,0.0,0.0
1302,trial (638).jpg,1.0,0.0,0.0
1303,trial (639).jpg,0.0,0.0,0.0
1304,trial (64).jpg,0.0,0.0,0.0
1305,trial (640).jpg,1.0,0.0,0.0
1306,trial (641).jpg,1.0,0.0,0.0
1307,trial (642).jpg,1.0,0.0,0.0
1308,trial (643).jpg,1.0,0.0,0.0
1309,trial (644).jpg,1.0,0.0,0.0
1310,trial (645).jpg,1.0,0.0,0.0
1311,trial (646).jpg,1.0,0.0,0.0
1312,trial (647).jpg,1.0,0.0,0.0
1313,trial (648).jpg,1.0,0.0,0.0
1314,trial (649).jpg,1.0,0.0,0.0
1315,trial (65).jpg,1.0,0.0,0.0
1316,trial (650).jpg,1.0,0.0,0.0
1317,trial (651).jpg,1.0,0.0,0.0
1318,trial (652).jpg,1.0,0.0,0.0
1319,trial (653).jpg,1.0,0.0,0.0
1320,trial (654).jpg,1.0,0.0,0.0
1321,trial (655).jpg,1.0,0.0,0.0
1322,trial (656).jpg,1.0,0.0,0.0
1323,trial (657).jpg,1.0,0.0,0.0
1324,trial (658).jpg,1.0,0.0,0.0
1325,trial (659).jpg,1.0,0.0,0.0
1326,trial (66).jpg,1.0,0.0,0.0
1327,trial (660).jpg,1.0,0.0,0.0
1328,trial (661).jpg,1.0,0.0,0.0
1329,trial (662).jpg,1.0,0.0,0.0
1330,trial (663).jpg,1.0,0.0,0.0
1331,trial (664).jpg,0.0,0.0,0.0
1332,trial (665).jpg,1.0,0.0,0.0
1333,trial (666).jpg,1.0,0.0,0.0
1334,trial (667).jpg,1.0,0.0,0.0
1335,trial (668).jpg,1.0,0.0,0.0
1336,trial (669).jpg,1.0,0.0,0.0
1337,trial (67).jpg,1.0,0.0,0.0
1338,trial (670).jpg,1.0,0.0,0.0
1339,trial (671).jpg,1.0,0.0,0.0
1340,trial (672).jpg,3.0,1.0,0.0
1341,trial (673).jpg,2.0,1.0,0.0
1342,trial (674).jpg,1.0,0.0,0.0
1343,trial (675).jpg,1.0,0.0,0.0
1344,trial (676).jpg,1.0,0.0,0.0
1345,trial (677).jpg,1.0,0.0,0.0
1346,trial (678).jpg,1.0,1.0,0.0
1347,trial (679).jpg,1.0,0.0,0.0
1348,trial (68).jpg,2.0,1.0,0.0
1349,trial (680).jpg,2.0,1.0,0.0
1350,trial (681).jpg,0.0,0.0,0.0
1351,trial (682).jpg,1.0,0.0,0.0
1352,trial (683).jpg,1.0,0.0,0.0
1353,trial (684).jpg,1.0,0.0,0.0
1354,trial (685).jpg,2.0,1.0,0.0
1355,trial (686).jpg,1.0,0.0,0.0
1356,trial (687).jpg,1.0,0.0,0.0
1357,trial (688).jpg,1.0,0.0,0.0
1358,trial (689).jpg,1.0,0.0,0.0
1359,trial (69).jpg,1.0,0.0,0.0
1360,trial (690).jpg,1.0,0.0,0.0
1361,trial (691).jpg,1.0,0.0,0.0
1362,trial (692).jpg,1.0,0.0,0.0
1363,trial (693).jpg,1.0,0.0,0.0
1364,trial (694).jpg,1.0,0.0,0.0
1365,trial (695).jpg,0.0,0.0,0.0
1366,trial (696).jpg,1.0,0.0,0.0
1367,trial (697).jpg,1.0,0.0,0.0
1368,trial (698).jpg,1.0,0.0,0.0
1369,trial (699).jpg,1.0,0.0,0.0
1370,trial (7).jpg,1.0,0.0,0.0
1371,trial (70).jpg,2.0,1.0,0.0
1372,trial (700).jpg,1.0,0.0,0.0
1373,trial (701).jpg,1.0,1.0,0.0
1374,trial (702).jpg,2.0,1.0,0.0
1375,trial (703).jpg,1.0,0.0,0.0
1376,trial (704).jpg,1.0,0.0,0.0
1377,trial (705).jpg,1.0,0.0,0.0
1378,trial (706).jpg,1.0,0.0,0.0
1379,trial (707).jpg,1.0,0.0,0.0
1380,trial (708).jpg,1.0,0.0,0.0
1381,trial (709).jpg,1.0,0.0,0.0
1382,trial (71).jpg,2.0,1.0,0.0
1383,trial (710).jpg,1.0,0.0,0.0
1384,trial (711).jpg,1.0,0.0,0.0
1385,trial (712).jpg,1.0,0.0,0.0
1386,trial (713).jpg,1.0,0.0,0.0
1387,trial (714).jpg,1.0,0.0,0.0
1388,trial (715).jpg,1.0,0.0,0.0
1389,trial (716).jpg,1.0,0.0,0.0
1390,trial (717).jpg,1.0,1.0,0.0
1391,trial (718).jpg,1.0,0.0,0.0
1392,trial (719).jpg,1.0,0.0,0.0
1393,trial (72).jpg,1.0,0.0,0.0
1394,trial (720).jpg,0.0,0.0,0.0
1395,trial (721).jpg,0.0,0.0,0.0
1396,trial (722).jpg,1.0,0.0,0.0
1397,trial (723).jpg,1.0,0.0,0.0
1398,trial (724).jpg,1.0,0.0,0.0
1399,trial (725).jpg,1.0,0.0,0.0
1400,trial (726).jpg,1.0,0.0,0.0
1401,trial (727).jpg,2.0,1.0,0.0
1402,trial (728).jpg,1.0,0.0,0.0
1403,trial (729).jpg,0.0,0.0,0.0
1404,trial (73).jpg,0.0,0.0,0.0
1405,trial (730).jpg,1.0,0.0,0.0
1406,trial (731).jpg,0.0,0.0,0.0
1407,trial (732).jpg,1.0,0.0,0.0
1408,trial (733).jpg,1.0,0.0,0.0
1409,trial (734).jpg,1.0,0.0,0.0
1410,trial (735).jpg,1.0,0.0,0.0
1411,trial (736).jpg,1.0,0.0,0.0
1412,trial (737).jpg,2.0,0.0,0.0
1413,trial (738).jpg,0.0,0.0,0.0
1414,trial (739).jpg,1.0,0.0,0.0
1415,trial (74).jpg,1.0,0.0,0.0
1416,trial (740).jpg,2.0,1.0,0.0
1417,trial (741).jpg,1.0,0.0,0.0
1418,trial (742).jpg,0.0,0.0,0.0
1419,trial (743).jpg,1.0,0.0,0.0
1420,trial (744).jpg,1.0,0.0,0.0
1421,trial (745).jpg,1.0,0.0,0.0
1422,trial (746).jpg,1.0,0.0,0.0
1423,trial (747).jpg,1.0,0.0,0.0
1424,trial (748).jpg,1.0,0.0,0.0
1425,trial (749).jpg,1.0,0.0,0.0
1426,trial (75).jpg,1.0,0.0,0.0
1427,trial (750).jpg,1.0,0.0,0.0
1428,trial (751).jpg,1.0,0.0,0.0
1429,trial (752).jpg,1.0,0.0,0.0
1430,trial (753).jpg,0.0,0.0,0.0
1431,trial (754).jpg,1.0,0.0,0.0
1432,trial (755).jpg,1.0,0.0,0.0
1433,trial (756).jpg,1.0,0.0,0.0
1434,trial (757).jpg,1.0,0.0,0.0
1435,trial (758).jpg,1.0,0.0,0.0
1436,trial (759).jpg,1.0,0.0,0.0
1437,trial (76).jpg,1.0,0.0,0.0
1438,trial (760).jpg,0.0,0.0,0.0
1439,trial (761).jpg,1.0,0.0,0.0
1440,trial (762).jpg,2.0,1.0,0.0
1441,trial (763).jpg,1.0,0.0,0.0
1442,trial (764).jpg,1.0,0.0,0.0
1443,trial (765).jpg,1.0,0.0,0.0
1444,trial (766).jpg,1.0,0.0,0.0
1445,trial (767).jpg,2.0,1.0,0.0
1446,trial (768).jpg,2.0,1.0,0.0
1447,trial (769).jpg,1.0,0.0,0.0
1448,trial (77).jpg,0.0,0.0,0.0
1449,trial (770).jpg,1.0,0.0,0.0
1450,trial (771).jpg,1.0,0.0,0.0
1451,trial (772).jpg,1.0,0.0,0.0
1452,trial (773).jpg,1.0,0.0,0.0
1453,trial (774).jpg,1.0,0.0,0.0
1454,trial (775).jpg,1.0,0.0,0.0
1455,trial (776).jpg,2.0,1.0,0.0
1456,trial (777).jpg,1.0,0.0,0.0
1457,trial (778).jpg,1.0,0.0,0.0
1458,trial (779).jpg,1.0,0.0,0.0
1459,trial (78).jpg,1.0,0.0,0.0
1460,trial (780).jpg,1.0,0.0,0.0
1461,trial (781).jpg,1.0,0.0,0.0
1462,trial (782).jpg,1.0,0.0,0.0
1463,trial (783).jpg,1.0,0.0,0.0
1464,trial (784).jpg,1.0,0.0,0.0
1465,trial (785).jpg,1.0,0.0,0.0
1466,trial (786).jpg,1.0,0.0,0.0
1467,trial (787).jpg,1.0,0.0,0.0
1468,trial (788).jpg,1.0,0.0,0.0
1469,trial (789).jpg,1.0,0.0,0.0
1470,trial (79).jpg,0.0,0.0,0.0
1471,trial (790).jpg,0.0,0.0,0.0
1472,trial (791).jpg,1.0,0.0,0.0
1473,trial (792).jpg,1.0,0.0,0.0
1474,trial (793).jpg,2.0,0.0,0.0
1475,trial (794).jpg,1.0,0.0,0.0
1476,trial (795).jpg,1.0,0.0,0.0
1477,trial (796).jpg,0.0,0.0,0.0
1478,trial (797).jpg,1.0,0.0,0.0
1479,trial (798).jpg,1.0,0.0,0.0
1480,trial (799).jpg,1.0,0.0,0.0
1481,trial (8).jpg,1.0,0.0,0.0
1482,trial (80).jpg,1.0,0.0,0.0
1483,trial (800).jpg,1.0,0.0,0.0
1484,trial (801).jpg,1.0,0.0,0.0
1485,trial (802).jpg,1.0,0.0,0.0
1486,trial (803).jpg,1.0,0.0,0.0
1487,trial (804).jpg,2.0,1.0,0.0
1488,trial (805).jpg,1.0,0.0,0.0
1489,trial (806).jpg,1.0,0.0,0.0
1490,trial (807).jpg,1.0,0.0,0.0
1491,trial (808).jpg,0.0,0.0,0.0
1492,trial (809).jpg,1.0,0.0,0.0
1493,trial (81).jpg,1.0,0.0,0.0
1494,trial (810).jpg,1.0,0.0,0.0
1495,trial (811).jpg,0.0,0.0,0.0
1496,trial (812).jpg,1.0,0.0,0.0
1497,trial (813).jpg,1.0,1.0,0.0
1498,trial (814).jpg,1.0,0.0,0.0
1499,trial (815).jpg,1.0,0.0,0.0
1500,trial (816).jpg,2.0,1.0,0.0
1501,trial (817).jpg,1.0,0.0,0.0
1502,trial (818).jpg,1.0,0.0,0.0
1503,trial (819).jpg,1.0,0.0,0.0
1504,trial (82).jpg,1.0,0.0,0.0
1505,trial (820).jpg,1.0,0.0,0.0
1506,trial (821).jpg,2.0,1.0,0.0
1507,trial (822).jpg,0.0,0.0,0.0
1508,trial (823).jpg,1.0,0.0,0.0
1509,trial (824).jpg,1.0,0.0,0.0
1510,trial (825).jpg,1.0,0.0,0.0
1511,trial (826).jpg,1.0,0.0,0.0
1512,trial (827).jpg,1.0,0.0,0.0
1513,trial (828).jpg,1.0,0.0,0.0
1514,trial (829).jpg,1.0,1.0,0.0
1515,trial (83).jpg,1.0,0.0,0.0
1516,trial (830).jpg,0.0,0.0,0.0
1517,trial (831).jpg,1.0,0.0,0.0
1518,trial (832).jpg,1.0,0.0,0.0
1519,trial (833).jpg,0.0,0.0,0.0
1520,trial (834).jpg,1.0,0.0,0.0
1521,trial (835).jpg,2.0,1.0,0.0
1522,trial (836).jpg,1.0,0.0,0.0
1523,trial (837).jpg,1.0,0.0,0.0
1524,trial (838).jpg,1.0,0.0,0.0
1525,trial (839).jpg,1.0,0.0,0.0
1526,trial (84).jpg,1.0,0.0,0.0
1527,trial (840).jpg,1.0,0.0,0.0
1528,trial (841).jpg,1.0,0.0,0.0
1529,trial (842).jpg,1.0,0.0,0.0
1530,trial (843).jpg,1.0,0.0,0.0
1531,trial (844).jpg,1.0,1.0,0.0
1532,trial (845).jpg,1.0,0.0,0.0
1533,trial (846).jpg,0.0,0.0,0.0
1534,trial (847).jpg,1.0,0.0,0.0
1535,trial (848).jpg,1.0,0.0,0.0
1536,trial (849).jpg,1.0,0.0,0.0
1537,trial (85).jpg,2.0,1.0,0.0
1538,trial (850).jpg,1.0,0.0,0.0
1539,trial (851).jpg,1.0,0.0,0.0
1540,trial (852).jpg,1.0,0.0,0.0
1541,trial (853).jpg,1.0,0.0,0.0
1542,trial (854).jpg,1.0,0.0,0.0
1543,trial (855).jpg,1.0,0.0,0.0
1544,trial (856).jpg,2.0,1.0,0.0
1545,trial (857).jpg,1.0,0.0,0.0
1546,trial (858).jpg,1.0,1.0,0.0
1547,trial (859).jpg,1.0,0.0,0.0
1548,trial (86).jpg,1.0,0.0,0.0
1549,trial (860).jpg,1.0,0.0,0.0
1550,trial (861).jpg,1.0,0.0,0.0
1551,trial (862).jpg,1.0,0.0,0.0
1552,trial (863).jpg,1.0,0.0,0.0
1553,trial (864).jpg,2.0,1.0,0.0
1554,trial (865).jpg,1.0,0.0,0.0
1555,trial (866).jpg,1.0,0.0,0.0
1556,trial (867).jpg,1.0,0.0,0.0
1557,trial (868).jpg,1.0,1.0,0.0
1558,trial (869).jpg,0.0,0.0,0.0
1559,trial (87).jpg,0.0,0.0,0.0
1560,trial (870).jpg,1.0,0.0,0.0
1561,trial (871).jpg,1.0,0.0,0.0
1562,trial (872).jpg,1.0,0.0,0.0
1563,trial (873).jpg,1.0,1.0,0.0
1564,trial (874).jpg,1.0,0.0,0.0
1565,trial (875).jpg,1.0,0.0,0.0
1566,trial (876).jpg,1.0,0.0,0.0
1567,trial (877).jpg,1.0,0.0,0.0
1568,trial (878).jpg,1.0,0.0,0.0
1569,trial (879).jpg,1.0,0.0,0.0
1570,trial (88).jpg,1.0,0.0,0.0
1571,trial (880).jpg,2.0,0.0,0.0
1572,trial (881).jpg,1.0,0.0,0.0
1573,trial (882).jpg,0.0,0.0,0.0
1574,trial (883).jpg,1.0,0.0,0.0
1575,trial (884).jpg,1.0,0.0,0.0
1576,trial (885).jpg,0.0,0.0,0.0
1577,trial (886).jpg,1.0,0.0,0.0
1578,trial (887).jpg,1.0,0.0,0.0
1579,trial (888).jpg,0.0,0.0,0.0
1580,trial (889).jpg,0.0,0.0,0.0
1581,trial (89).jpg,1.0,0.0,0.0
1582,trial (890).jpg,1.0,1.0,1.0
1583,trial (891).jpg,1.0,0.0,0.0
1584,trial (892).jpg,2.0,1.0,0.0
1585,trial (893).jpg,2.0,0.0,0.0
1586,trial (894).jpg,0.0,0.0,0.0
1587,trial (895).jpg,1.0,0.0,0.0
1588,trial (896).jpg,1.0,0.0,0.0
1589,trial (897).jpg,1.0,0.0,0.0
1590,trial (898).jpg,1.0,0.0,0.0
1591,trial (899).jpg,1.0,0.0,0.0
1592,trial (9).jpg,1.0,0.0,0.0
1593,trial (90).jpg,1.0,0.0,0.0
1594,trial (900).jpg,1.0,0.0,0.0
1595,trial (901).jpg,1.0,0.0,0.0
1596,trial (902).jpg,1.0,0.0,0.0
1597,trial (903).jpg,1.0,0.0,0.0
1598,trial (904).jpg,1.0,0.0,0.0
1599,trial (905).jpg,1.0,0.0,0.0
1600,trial (906).jpg,1.0,0.0,0.0
1601,trial (907).jpg,1.0,0.0,0.0
1602,trial (908).jpg,1.0,0.0,0.0
1603,trial (909).jpg,1.0,0.0,0.0
1604,trial (91).jpg,1.0,0.0,0.0
1605,trial (910).jpg,1.0,1.0,0.0
1606,trial (911).jpg,1.0,0.0,0.0
1607,trial (912).jpg,1.0,0.0,0.0
1608,trial (913).jpg,0.0,0.0,0.0
1609,trial (914).jpg,1.0,0.0,0.0
1610,trial (915).jpg,1.0,0.0,0.0
1611,trial (916).jpg,1.0,0.0,0.0
1612,trial (917).jpg,0.0,0.0,0.0
1613,trial (918).jpg,2.0,0.0,0.0
1614,trial (919).jpg,1.0,0.0,0.0
1615,trial (92).jpg,1.0,0.0,0.0
1616,trial (920).jpg,1.0,0.0,0.0
1617,trial (921).jpg,1.0,0.0,0.0
1618,trial (922).jpg,0.0,0.0,0.0
1619,trial (923).jpg,1.0,0.0,0.0
1620,trial (924).jpg,1.0,0.0,0.0
1621,trial (925).jpg,1.0,0.0,0.0
1622,trial (926).jpg,1.0,0.0,0.0
1623,trial (927).jpg,1.0,0.0,0.0
1624,trial (928).jpg,1.0,0.0,0.0
1625,trial (929).jpg,1.0,0.0,0.0
1626,trial (93).jpg,2.0,1.0,0.0
1627,trial (930).jpg,1.0,1.0,0.0
1628,trial (931).jpg,0.0,0.0,0.0
1629,trial (932).jpg,1.0,0.0,0.0
1630,trial (933).jpg,1.0,0.0,0.0
1631,trial (934).jpg,1.0,0.0,0.0
1632,trial (935).jpg,2.0,0.0,0.0
1633,trial (936).jpg,1.0,0.0,0.0
1634,trial (937).jpg,1.0,0.0,0.0
1635,trial (938).jpg,1.0,0.0,0.0
1636,trial (939).jpg,1.0,0.0,0.0
1637,trial (94).jpg,0.0,0.0,0.0
1638,trial (940).jpg,1.0,1.0,0.0
1639,trial (941).jpg,1.0,0.0,0.0
1640,trial (942).jpg,1.0,0.0,0.0
1641,trial (943).jpg,1.0,0.0,0.0
1642,trial (944).jpg,1.0,0.0,0.0
1643,trial (945).jpg,1.0,0.0,0.0
1644,trial (946).jpg,1.0,0.0,0.0
1645,trial (947).jpg,0.0,0.0,0.0
1646,trial (948).jpg,1.0,0.0,0.0
1647,trial (949).jpg,1.0,0.0,0.0
1648,trial (95).jpg,0.0,0.0,0.0
1649,trial (950).jpg,0.0,0.0,0.0
1650,trial (951).jpg,0.0,0.0,0.0
1651,trial (952).jpg,0.0,0.0,0.0
1652,trial (953).jpg,1.0,0.0,0.0
1653,trial (954).jpg,1.0,1.0,0.0
1654,trial (955).jpg,1.0,0.0,0.0
1655,trial (956).jpg,1.0,0.0,0.0
1656,trial (957).jpg,0.0,0.0,0.0
1657,trial (958).jpg,1.0,0.0,0.0
1658,trial (959).jpg,1.0,0.0,0.0
1659,trial (96).jpg,0.0,0.0,0.0
1660,trial (960).jpg,1.0,0.0,0.0
1661,trial (961).jpg,0.0,0.0,0.0
1662,trial (962).jpg,1.0,0.0,0.0
1663,trial (963).jpg,0.0,0.0,0.0
1664,trial (964).jpg,1.0,0.0,0.0
1665,trial (965).jpg,1.0,1.0,1.0
1666,trial (966).jpg,1.0,0.0,0.0
1667,trial (967).jpg,1.0,1.0,0.0
1668,trial (968).jpg,1.0,0.0,0.0
1669,trial (969).jpg,0.0,0.0,0.0
1670,trial (97).jpg,2.0,0.0,0.0
1671,trial (970).jpg,1.0,0.0,0.0
1672,trial (971).jpg,1.0,0.0,0.0
1673,trial (972).jpg,0.0,0.0,0.0
1674,trial (973).jpg,2.0,0.0,0.0
1675,trial (974).jpg,1.0,0.0,0.0
1676,trial (975).jpg,0.0,0.0,0.0
1677,trial (976).jpg,1.0,0.0,0.0
1678,trial (977).jpg,1.0,1.0,0.0
1679,trial (978).jpg,1.0,0.0,0.0
1680,trial (979).jpg,2.0,1.0,0.0
1681,trial (98).jpg,1.0,0.0,0.0
1682,trial (980).jpg,1.0,0.0,0.0
1683,trial (981).jpg,1.0,0.0,0.0
1684,trial (982).jpg,1.0,0.0,0.0
1685,trial (983).jpg,1.0,1.0,0.0
1686,trial (984).jpg,1.0,0.0,0.0
1687,trial (985).jpg,1.0,0.0,0.0
1688,trial (986).jpg,1.0,0.0,0.0
1689,trial (987).jpg,1.0,0.0,0.0
1690,trial (988).jpg,1.0,1.0,0.0
1691,trial (989).jpg,0.0,0.0,0.0
1692,trial (99).jpg,1.0,0.0,0.0
1693,trial (990).jpg,1.0,0.0,0.0
1694,trial (991).jpg,1.0,0.0,0.0
1695,trial (992).jpg,1.0,1.0,0.0
1696,trial (993).jpg,1.0,0.0,0.0
1697,trial (994).jpg,1.0,1.0,0.0
1698,trial (995).jpg,0.0,0.0,0.0
1699,trial (996).jpg,1.0,0.0,0.0
1700,trial (997).jpg,1.0,0.0,0.0
1701,trial (998).jpg,0.0,0.0,0.0
1702,trial (999).jpg,0.0,0.0,0.0
