,Unnamed: 0,name,issue,edge,label
38,38,/cluttered/Anlerndaten (1032).jpg,0,0,1
942,942,/presorted/trial (313).jpg,0,0,1
468,468,/cluttered/Anlerndaten (477).jpg,0,0,1
772,772,/presorted/trial (1694).jpg,0,0,1
125,125,/cluttered/Anlerndaten (168).jpg,1,0,2
1075,1075,/presorted/trial (433).jpg,0,0,1
294,294,/presorted/trial (1263).jpg,0,0,1
221,221,/cluttered/Anlerndaten (254).jpg,0,0,1
394,394,/presorted/trial (1353).jpg,0,0,1
1554,1554,/presorted/trial (865).jpg,0,0,1
1242,1242,/presorted/trial (584).jpg,0,0,1
940,940,/cluttered/Anlerndaten (901).jpg,0,0,2
1162,1162,/presorted/trial (511).jpg,0,0,1
617,617,/presorted/trial (1554).jpg,1,0,2
601,601,/presorted/trial (154).jpg,0,0,1
589,589,/presorted/trial (1529).jpg,0,0,1
535,535,/presorted/trial (1480).jpg,0,0,1
219,219,/presorted/trial (1196).jpg,0,0,1
1124,1124,/presorted/trial (478).jpg,0,0,1
987,987,/cluttered/Anlerndaten (944).jpg,0,0,3
737,737,/cluttered/Anlerndaten (719).jpg,1,0,1
314,314,/presorted/trial (1281).jpg,0,0,0
178,178,/presorted/trial (1159).jpg,0,0,0
853,853,/cluttered/Anlerndaten (823).jpg,0,0,1
363,363,/presorted/trial (1325).jpg,0,0,1
715,715,/cluttered/Anlerndaten (7).jpg,0,0,3
494,494,/presorted/trial (1443).jpg,0,0,0
1096,1096,/presorted/trial (452).jpg,0,0,1
54,54,/cluttered/Anlerndaten (1047).jpg,1,0,2
934,934,/presorted/trial (306).jpg,0,0,1
423,423,/presorted/trial (138).jpg,0,0,1
486,486,/cluttered/Anlerndaten (493).jpg,0,0,1
1148,1148,/presorted/trial (5).jpg,0,0,1
989,989,/cluttered/Anlerndaten (946).jpg,1,0,2
782,782,/presorted/trial (1702).jpg,0,0,0
74,74,/presorted/trial (1065).jpg,0,0,1
412,412,/presorted/trial (137).jpg,0,0,1
953,953,/presorted/trial (323).jpg,0,0,1
597,597,/cluttered/Anlerndaten (593).jpg,0,0,1
265,265,/presorted/trial (1237).jpg,0,0,0
150,150,/cluttered/Anlerndaten (190).jpg,0,0,1
466,466,/cluttered/Anlerndaten (475).jpg,0,0,1
69,69,/presorted/trial (1060).jpg,1,0,2
400,400,/cluttered/Anlerndaten (415).jpg,1,0,2
1406,1406,/presorted/trial (731).jpg,0,0,0
797,797,/cluttered/Anlerndaten (773).jpg,0,0,2
861,861,/cluttered/Anlerndaten (830).jpg,1,1,2
9,9,/presorted/trial (1006).jpg,0,0,1
641,641,/presorted/trial (1576).jpg,0,0,0
925,925,/cluttered/Anlerndaten (889).jpg,0,0,1
683,683,/cluttered/Anlerndaten (670).jpg,0,0,1
396,396,/cluttered/Anlerndaten (411).jpg,0,0,1
500,500,/presorted/trial (1449).jpg,0,0,1
949,949,/cluttered/Anlerndaten (91).jpg,0,0,1
528,528,/cluttered/Anlerndaten (530).jpg,0,0,1
370,370,/cluttered/Anlerndaten (389).jpg,0,0,1
241,241,/presorted/trial (1215).jpg,0,0,1
864,864,/presorted/trial (243).jpg,1,0,1
298,298,/presorted/trial (1267).jpg,1,1,1
528,528,/presorted/trial (1474).jpg,1,0,1
1383,1383,/presorted/trial (710).jpg,0,0,1
306,306,/presorted/trial (1274).jpg,0,0,1
691,691,/cluttered/Anlerndaten (678).jpg,0,0,1
172,172,/cluttered/Anlerndaten (21).jpg,1,0,2
183,183,/presorted/trial (1163).jpg,0,0,1
1026,1026,/cluttered/Anlerndaten (98).jpg,0,0,0
850,850,/presorted/trial (230).jpg,0,0,1
1330,1330,/presorted/trial (663).jpg,0,0,1
1626,1626,/presorted/trial (93).jpg,1,0,2
747,747,/presorted/trial (1671).jpg,0,0,1
151,151,/cluttered/Anlerndaten (191).jpg,0,0,1
553,553,/presorted/trial (1497).jpg,0,0,0
128,128,/cluttered/Anlerndaten (170).jpg,1,0,2
431,431,/cluttered/Anlerndaten (443).jpg,0,0,1
736,736,/cluttered/Anlerndaten (718).jpg,0,0,3
66,66,/cluttered/Anlerndaten (114).jpg,0,0,1
1411,1411,/presorted/trial (736).jpg,0,0,1
1582,1582,/presorted/trial (890).jpg,1,1,1
985,985,/cluttered/Anlerndaten (942).jpg,0,0,2
41,41,/presorted/trial (1035).jpg,0,0,0
5,5,/cluttered/Anlerndaten (1002).jpg,0,0,0
429,429,/cluttered/Anlerndaten (441).jpg,0,0,1
971,971,/presorted/trial (34).jpg,0,0,0
472,472,/cluttered/Anlerndaten (480).jpg,0,0,1
625,625,/presorted/trial (1561).jpg,0,0,0
929,929,/presorted/trial (301).jpg,0,0,1
339,339,/presorted/trial (1303).jpg,0,0,0
201,201,/presorted/trial (118).jpg,0,0,0
122,122,/presorted/trial (1108).jpg,0,0,1
476,476,/presorted/trial (1427).jpg,0,0,0
1350,1350,/presorted/trial (681).jpg,0,0,0
103,103,/cluttered/Anlerndaten (148).jpg,0,0,1
64,64,/presorted/trial (1056).jpg,0,0,1
388,388,/presorted/trial (1348).jpg,0,0,0
488,488,/presorted/trial (1438).jpg,0,0,1
994,994,/cluttered/Anlerndaten (950).jpg,0,0,1
874,874,/cluttered/Anlerndaten (842).jpg,0,0,1
1492,1492,/presorted/trial (809).jpg,0,0,1
1309,1309,/presorted/trial (644).jpg,0,0,1
1211,1211,/presorted/trial (556).jpg,0,0,0
1068,1068,/presorted/trial (427).jpg,0,0,1
518,518,/presorted/trial (1465).jpg,0,0,1
1495,1495,/presorted/trial (811).jpg,0,0,0
90,90,/cluttered/Anlerndaten (136).jpg,0,0,0
48,48,/cluttered/Anlerndaten (1041).jpg,0,0,2
1592,1592,/presorted/trial (9).jpg,0,0,1
18,18,/presorted/trial (1014).jpg,0,0,1
477,477,/cluttered/Anlerndaten (485).jpg,0,0,1
1668,1668,/presorted/trial (968).jpg,0,0,1
464,464,/cluttered/Anlerndaten (473).jpg,0,0,1
774,774,/cluttered/Anlerndaten (752).jpg,0,0,3
1046,1046,/presorted/trial (407).jpg,0,0,1
650,650,/cluttered/Anlerndaten (640).jpg,0,0,1
892,892,/cluttered/Anlerndaten (859).jpg,0,0,1
644,644,/presorted/trial (1579).jpg,0,0,0
91,91,/cluttered/Anlerndaten (137).jpg,0,0,1
596,596,/presorted/trial (1535).jpg,0,0,1
186,186,/presorted/trial (1166).jpg,0,0,0
92,92,/presorted/trial (1081).jpg,0,0,1
547,547,/presorted/trial (1491).jpg,0,0,0
695,695,/presorted/trial (1624).jpg,0,0,1
1294,1294,/presorted/trial (630).jpg,0,0,1
898,898,/presorted/trial (274).jpg,0,0,1
717,717,/presorted/trial (1644).jpg,0,0,1
1135,1135,/presorted/trial (488).jpg,0,0,1
694,694,/cluttered/Anlerndaten (680).jpg,0,0,1
1,1,/cluttered/Anlerndaten (10).jpg,0,0,1
892,892,/presorted/trial (269).jpg,0,0,0
1001,1001,/cluttered/Anlerndaten (957).jpg,0,0,0
878,878,/presorted/trial (256).jpg,0,0,0
789,789,/cluttered/Anlerndaten (766).jpg,0,0,1
752,752,/cluttered/Anlerndaten (732).jpg,0,0,1
604,604,/cluttered/Anlerndaten (6).jpg,0,0,1
646,646,/presorted/trial (1580).jpg,0,0,0
1446,1446,/presorted/trial (768).jpg,1,0,2
889,889,/cluttered/Anlerndaten (856).jpg,0,0,0
759,759,/presorted/trial (1682).jpg,0,0,0
1250,1250,/presorted/trial (591).jpg,0,0,0
1620,1620,/presorted/trial (924).jpg,0,0,1
55,55,/cluttered/Anlerndaten (1048).jpg,0,0,0
28,28,/presorted/trial (1023).jpg,1,0,2
1027,1027,/presorted/trial (390).jpg,0,0,1
78,78,/presorted/trial (1069).jpg,0,0,1
173,173,/cluttered/Anlerndaten (210).jpg,0,0,3
185,185,/cluttered/Anlerndaten (221).jpg,0,0,1
536,536,/cluttered/Anlerndaten (538).jpg,0,0,1
11,11,/presorted/trial (1008).jpg,0,0,1
1069,1069,/presorted/trial (428).jpg,0,0,1
984,984,/cluttered/Anlerndaten (941).jpg,0,0,1
487,487,/cluttered/Anlerndaten (494).jpg,0,0,1
975,975,/cluttered/Anlerndaten (933).jpg,1,0,2
715,715,/presorted/trial (1642).jpg,0,0,1
467,467,/cluttered/Anlerndaten (476).jpg,0,0,2
383,383,/cluttered/Anlerndaten (40).jpg,0,0,2
614,614,/presorted/trial (1551).jpg,0,0,0
1290,1290,/presorted/trial (627).jpg,0,0,1
455,455,/presorted/trial (1408).jpg,1,0,2
278,278,/cluttered/Anlerndaten (305).jpg,0,0,2
761,761,/cluttered/Anlerndaten (740).jpg,1,0,1
1035,1035,/presorted/trial (398).jpg,0,0,1
444,444,/presorted/trial (1399).jpg,0,0,0
1351,1351,/presorted/trial (682).jpg,0,0,1
372,372,/cluttered/Anlerndaten (390).jpg,0,0,1
420,420,/presorted/trial (1377).jpg,0,0,1
63,63,/cluttered/Anlerndaten (111).jpg,0,0,1
1633,1633,/presorted/trial (936).jpg,0,0,1
844,844,/cluttered/Anlerndaten (815).jpg,0,0,1
851,851,/cluttered/Anlerndaten (821).jpg,1,0,2
908,908,/cluttered/Anlerndaten (873).jpg,0,0,1
240,240,/presorted/trial (1214).jpg,0,0,0
845,845,/presorted/trial (226).jpg,1,0,2
482,482,/presorted/trial (1432).jpg,0,0,0
150,150,/presorted/trial (1133).jpg,0,0,1
1251,1251,/presorted/trial (592).jpg,0,0,0
60,60,/presorted/trial (1052).jpg,0,0,1
288,288,/presorted/trial (1258).jpg,0,0,1
239,239,/cluttered/Anlerndaten (270).jpg,0,0,1
906,906,/cluttered/Anlerndaten (871).jpg,0,0,1
699,699,/cluttered/Anlerndaten (685).jpg,0,0,1
1513,1513,/presorted/trial (828).jpg,0,0,1
279,279,/presorted/trial (125).jpg,0,0,1
442,442,/presorted/trial (1397).jpg,0,0,0
597,597,/presorted/trial (1536).jpg,0,0,0
1418,1418,/presorted/trial (742).jpg,0,0,0
340,340,/cluttered/Anlerndaten (361).jpg,0,0,1
196,196,/cluttered/Anlerndaten (231).jpg,1,0,4
1689,1689,/presorted/trial (987).jpg,0,0,1
1008,1008,/presorted/trial (373).jpg,0,0,1
626,626,/cluttered/Anlerndaten (619).jpg,0,0,1
623,623,/cluttered/Anlerndaten (616).jpg,0,0,3
448,448,/presorted/trial (1401).jpg,0,0,1
201,201,/cluttered/Anlerndaten (236).jpg,0,0,1
1671,1671,/presorted/trial (970).jpg,0,0,1
836,836,/cluttered/Anlerndaten (808).jpg,0,0,1
515,515,/cluttered/Anlerndaten (519).jpg,0,0,1
65,65,/presorted/trial (1057).jpg,0,0,0
842,842,/presorted/trial (223).jpg,0,0,1
1194,1194,/presorted/trial (540).jpg,0,0,1
107,107,/cluttered/Anlerndaten (151).jpg,0,0,1
1017,1017,/presorted/trial (381).jpg,0,0,1
56,56,/cluttered/Anlerndaten (105).jpg,0,0,1
1354,1354,/presorted/trial (685).jpg,1,0,2
1246,1246,/presorted/trial (588).jpg,0,0,1
876,876,/presorted/trial (254).jpg,0,0,1
227,227,/cluttered/Anlerndaten (26).jpg,0,0,1
950,950,/presorted/trial (320).jpg,0,0,1
688,688,/presorted/trial (1618).jpg,0,0,1
744,744,/cluttered/Anlerndaten (725).jpg,0,0,1
208,208,/cluttered/Anlerndaten (242).jpg,0,0,1
421,421,/cluttered/Anlerndaten (434).jpg,0,0,1
156,156,/cluttered/Anlerndaten (196).jpg,0,0,1
1117,1117,/presorted/trial (471).jpg,0,0,1
1065,1065,/presorted/trial (424).jpg,0,0,1
755,755,/presorted/trial (1679).jpg,0,0,0
1621,1621,/presorted/trial (925).jpg,0,0,1
253,253,/presorted/trial (1226).jpg,0,0,1
583,583,/cluttered/Anlerndaten (580).jpg,0,0,1
296,296,/cluttered/Anlerndaten (321).jpg,0,0,1
744,744,/presorted/trial (1669).jpg,0,0,1
580,580,/cluttered/Anlerndaten (578).jpg,0,0,1
1364,1364,/presorted/trial (694).jpg,0,0,1
767,767,/presorted/trial (169).jpg,0,0,1
286,286,/presorted/trial (1256).jpg,0,0,1
36,36,/cluttered/Anlerndaten (1030).jpg,0,0,0
1054,1054,/presorted/trial (414).jpg,0,0,1
861,861,/presorted/trial (240).jpg,0,0,1
1275,1275,/presorted/trial (613).jpg,0,0,1
927,927,/cluttered/Anlerndaten (890).jpg,0,0,0
1700,1700,/presorted/trial (997).jpg,0,0,1
721,721,/cluttered/Anlerndaten (704).jpg,0,0,1
302,302,/presorted/trial (1270).jpg,0,0,0
90,90,/presorted/trial (108).jpg,0,0,1
507,507,/presorted/trial (1455).jpg,0,0,1
673,673,/presorted/trial (1604).jpg,0,0,0
682,682,/cluttered/Anlerndaten (67).jpg,0,0,2
1559,1559,/presorted/trial (87).jpg,0,0,0
1317,1317,/presorted/trial (651).jpg,0,0,1
501,501,/presorted/trial (145).jpg,1,0,2
371,371,/presorted/trial (1332).jpg,1,0,1
378,378,/cluttered/Anlerndaten (396).jpg,0,0,1
1566,1566,/presorted/trial (876).jpg,0,0,1
1209,1209,/presorted/trial (554).jpg,0,0,1
318,318,/cluttered/Anlerndaten (341).jpg,0,0,1
701,701,/presorted/trial (163).jpg,0,0,1
396,396,/presorted/trial (1355).jpg,0,0,0
1002,1002,/presorted/trial (368).jpg,0,0,0
823,823,/cluttered/Anlerndaten (797).jpg,0,0,0
794,794,/presorted/trial (180).jpg,0,0,1
723,723,/presorted/trial (165).jpg,1,0,2
1097,1097,/presorted/trial (453).jpg,0,0,1
39,39,/cluttered/Anlerndaten (1033).jpg,0,0,1
447,447,/cluttered/Anlerndaten (458).jpg,1,0,3
1586,1586,/presorted/trial (894).jpg,0,0,0
3,3,/cluttered/Anlerndaten (1000).jpg,0,0,1
450,450,/cluttered/Anlerndaten (460).jpg,1,0,3
446,446,/presorted/trial (140).jpg,0,0,1
360,360,/cluttered/Anlerndaten (38).jpg,0,0,4
78,78,/cluttered/Anlerndaten (125).jpg,0,0,1
106,106,/presorted/trial (1094).jpg,1,0,1
364,364,/cluttered/Anlerndaten (383).jpg,1,0,5
434,434,/presorted/trial (139).jpg,0,0,1
380,380,/presorted/trial (1340).jpg,0,0,0
1422,1422,/presorted/trial (746).jpg,0,0,1
1313,1313,/presorted/trial (648).jpg,0,0,1
1648,1648,/presorted/trial (95).jpg,0,0,0
1331,1331,/presorted/trial (664).jpg,0,0,0
85,85,/presorted/trial (1075).jpg,0,0,1
1675,1675,/presorted/trial (974).jpg,0,0,1
346,346,/cluttered/Anlerndaten (367).jpg,0,0,1
8,8,/presorted/trial (1005).jpg,0,0,1
96,96,/cluttered/Anlerndaten (141).jpg,0,0,2
543,543,/presorted/trial (1488).jpg,0,0,1
1467,1467,/presorted/trial (787).jpg,0,0,1
127,127,/cluttered/Anlerndaten (17).jpg,0,0,0
333,333,/cluttered/Anlerndaten (355).jpg,0,0,1
789,789,/presorted/trial (176).jpg,0,0,1
311,311,/presorted/trial (1279).jpg,0,0,1
872,872,/presorted/trial (250).jpg,0,0,1
702,702,/cluttered/Anlerndaten (688).jpg,0,0,1
1081,1081,/presorted/trial (439).jpg,0,0,1
83,83,/cluttered/Anlerndaten (13).jpg,1,0,1
668,668,/presorted/trial (160).jpg,0,0,1
460,460,/cluttered/Anlerndaten (47).jpg,0,0,2
690,690,/presorted/trial (162).jpg,0,0,1
544,544,/presorted/trial (1489).jpg,0,0,1
1186,1186,/presorted/trial (533).jpg,0,0,1
242,242,/presorted/trial (1216).jpg,0,0,0
264,264,/cluttered/Anlerndaten (293).jpg,0,0,3
1502,1502,/presorted/trial (818).jpg,0,0,1
1432,1432,/presorted/trial (755).jpg,0,0,1
988,988,/presorted/trial (355).jpg,0,0,3
1166,1166,/presorted/trial (515).jpg,0,0,1
1090,1090,/presorted/trial (447).jpg,1,0,1
532,532,/cluttered/Anlerndaten (534).jpg,0,0,1
907,907,/cluttered/Anlerndaten (872).jpg,0,0,1
1497,1497,/presorted/trial (813).jpg,1,0,1
727,727,/presorted/trial (1653).jpg,0,0,1
176,176,/cluttered/Anlerndaten (213).jpg,0,0,1
1504,1504,/presorted/trial (82).jpg,0,0,1
765,765,/cluttered/Anlerndaten (744).jpg,0,0,1
421,421,/presorted/trial (1378).jpg,0,0,0
159,159,/presorted/trial (1141).jpg,0,0,0
342,342,/cluttered/Anlerndaten (363).jpg,0,0,1
1108,1108,/presorted/trial (463).jpg,0,0,1
47,47,/cluttered/Anlerndaten (1040).jpg,0,0,0
166,166,/presorted/trial (1148).jpg,0,0,1
1005,1005,/presorted/trial (370).jpg,0,0,1
279,279,/cluttered/Anlerndaten (306).jpg,0,0,2
245,245,/cluttered/Anlerndaten (276).jpg,0,0,2
209,209,/cluttered/Anlerndaten (243).jpg,0,0,0
219,219,/cluttered/Anlerndaten (252).jpg,0,0,1
1001,1001,/presorted/trial (367).jpg,0,0,1
1667,1667,/presorted/trial (967).jpg,1,0,1
265,265,/cluttered/Anlerndaten (294).jpg,1,0,2
1525,1525,/presorted/trial (839).jpg,0,0,1
964,964,/cluttered/Anlerndaten (923).jpg,1,0,1
1533,1533,/presorted/trial (846).jpg,0,0,0
461,461,/presorted/trial (1413).jpg,0,0,1
295,295,/cluttered/Anlerndaten (320).jpg,0,0,1
996,996,/cluttered/Anlerndaten (952).jpg,0,0,1
741,741,/cluttered/Anlerndaten (722).jpg,0,0,2
652,652,/cluttered/Anlerndaten (642).jpg,0,0,2
1139,1139,/presorted/trial (491).jpg,0,0,1
722,722,/cluttered/Anlerndaten (705).jpg,1,0,4
843,843,/presorted/trial (224).jpg,0,0,1
1285,1285,/presorted/trial (622).jpg,0,0,1
281,281,/cluttered/Anlerndaten (308).jpg,0,0,1
434,434,/cluttered/Anlerndaten (446).jpg,0,0,1
696,696,/cluttered/Anlerndaten (682).jpg,1,0,2
569,569,/cluttered/Anlerndaten (568).jpg,0,0,2
819,819,/presorted/trial (202).jpg,0,0,1
100,100,/presorted/trial (1089).jpg,1,0,1
838,838,/presorted/trial (22).jpg,0,0,1
260,260,/presorted/trial (1232).jpg,0,0,0
541,541,/cluttered/Anlerndaten (542).jpg,1,0,3
269,269,/cluttered/Anlerndaten (298).jpg,1,0,2
621,621,/presorted/trial (1558).jpg,1,0,2
1244,1244,/presorted/trial (586).jpg,0,0,1
493,493,/cluttered/Anlerndaten (5).jpg,0,0,2
981,981,/cluttered/Anlerndaten (939).jpg,0,0,1
579,579,/cluttered/Anlerndaten (577).jpg,0,0,1
127,127,/presorted/trial (1112).jpg,0,0,0
256,256,/presorted/trial (1229).jpg,0,0,1
636,636,/cluttered/Anlerndaten (628).jpg,0,0,1
824,824,/presorted/trial (207).jpg,0,0,1
635,635,/cluttered/Anlerndaten (627).jpg,0,0,1
203,203,/presorted/trial (1181).jpg,0,0,1
1439,1439,/presorted/trial (761).jpg,0,0,1
857,857,/presorted/trial (237).jpg,0,0,1
1493,1493,/presorted/trial (81).jpg,0,0,1
106,106,/cluttered/Anlerndaten (150).jpg,0,0,1
1397,1397,/presorted/trial (723).jpg,0,0,1
1549,1549,/presorted/trial (860).jpg,0,0,1
891,891,/presorted/trial (268).jpg,0,0,1
704,704,/presorted/trial (1632).jpg,0,0,1
1233,1233,/presorted/trial (576).jpg,0,0,1
262,262,/presorted/trial (1234).jpg,0,0,0
982,982,/cluttered/Anlerndaten (94).jpg,0,0,1
40,40,/cluttered/Anlerndaten (1034).jpg,0,0,1
642,642,/presorted/trial (1577).jpg,0,0,0
1121,1121,/presorted/trial (475).jpg,0,0,1
420,420,/cluttered/Anlerndaten (433).jpg,0,0,1
972,972,/presorted/trial (340).jpg,0,0,1
1044,1044,/presorted/trial (405).jpg,0,0,1
811,811,/presorted/trial (196).jpg,0,0,1
638,638,/cluttered/Anlerndaten (63).jpg,0,0,1
1,1,/presorted/trial (10).jpg,0,0,0
542,542,/cluttered/Anlerndaten (543).jpg,0,0,2
854,854,/presorted/trial (234).jpg,0,0,2
475,475,/presorted/trial (1426).jpg,0,0,0
606,606,/cluttered/Anlerndaten (600).jpg,0,0,1
97,97,/presorted/trial (1086).jpg,0,0,1
713,713,/presorted/trial (1640).jpg,0,0,1
1636,1636,/presorted/trial (939).jpg,0,0,1
301,301,/cluttered/Anlerndaten (326).jpg,0,0,1
186,186,/cluttered/Anlerndaten (222).jpg,0,0,1
272,272,/cluttered/Anlerndaten (30).jpg,0,0,2
531,531,/cluttered/Anlerndaten (533).jpg,0,0,3
376,376,/cluttered/Anlerndaten (394).jpg,0,0,1
1031,1031,/cluttered/Anlerndaten (984).jpg,1,0,2
514,514,/cluttered/Anlerndaten (518).jpg,0,0,2
973,973,/presorted/trial (341).jpg,0,0,1
347,347,/cluttered/Anlerndaten (368).jpg,0,0,2
1045,1045,/cluttered/Anlerndaten (997).jpg,1,0,2
1000,1000,/presorted/trial (366).jpg,0,0,0
1699,1699,/presorted/trial (996).jpg,0,0,1
271,271,/presorted/trial (1242).jpg,0,0,0
577,577,/presorted/trial (1518).jpg,1,0,2
379,379,/presorted/trial (134).jpg,0,0,1
188,188,/presorted/trial (1168).jpg,0,0,1
1270,1270,/presorted/trial (609).jpg,0,0,1
1521,1521,/presorted/trial (835).jpg,1,0,2
674,674,/cluttered/Anlerndaten (662).jpg,0,0,1
1519,1519,/presorted/trial (833).jpg,0,0,0
1303,1303,/presorted/trial (639).jpg,0,0,0
230,230,/cluttered/Anlerndaten (262).jpg,0,0,1
390,390,/cluttered/Anlerndaten (406).jpg,0,0,2
498,498,/presorted/trial (1447).jpg,0,0,1
181,181,/presorted/trial (1161).jpg,0,0,0
146,146,/cluttered/Anlerndaten (187).jpg,0,0,1
1157,1157,/presorted/trial (507).jpg,0,0,1
72,72,/presorted/trial (1063).jpg,0,0,0
1141,1141,/presorted/trial (493).jpg,0,0,1
961,961,/cluttered/Anlerndaten (920).jpg,0,0,1
58,58,/cluttered/Anlerndaten (107).jpg,0,0,1
320,320,/presorted/trial (1287).jpg,1,0,2
382,382,/cluttered/Anlerndaten (4).jpg,0,0,2
316,316,/cluttered/Anlerndaten (34).jpg,0,0,1
880,880,/presorted/trial (258).jpg,0,0,1
335,335,/presorted/trial (130).jpg,1,0,1
879,879,/cluttered/Anlerndaten (847).jpg,1,0,1
778,778,/cluttered/Anlerndaten (756).jpg,0,0,1
205,205,/cluttered/Anlerndaten (24).jpg,0,0,1
644,644,/cluttered/Anlerndaten (635).jpg,0,0,1
369,369,/presorted/trial (1330).jpg,0,0,1
377,377,/presorted/trial (1338).jpg,1,0,2
868,868,/cluttered/Anlerndaten (837).jpg,0,0,1
992,992,/cluttered/Anlerndaten (949).jpg,0,0,1
520,520,/presorted/trial (1467).jpg,0,0,0
513,513,/cluttered/Anlerndaten (517).jpg,1,0,1
162,162,/cluttered/Anlerndaten (200).jpg,0,0,4
956,956,/presorted/trial (326).jpg,0,0,1
1437,1437,/presorted/trial (76).jpg,0,0,1
643,643,/presorted/trial (1578).jpg,0,0,0
703,703,/presorted/trial (1631).jpg,0,0,1
329,329,/presorted/trial (1295).jpg,0,0,1
533,533,/cluttered/Anlerndaten (535).jpg,0,0,2
712,712,/presorted/trial (164).jpg,0,0,0
680,680,/presorted/trial (1610).jpg,0,0,1
860,860,/cluttered/Anlerndaten (83).jpg,0,0,1
1003,1003,/cluttered/Anlerndaten (959).jpg,0,0,1
649,649,/presorted/trial (1583).jpg,0,0,0
1210,1210,/presorted/trial (555).jpg,0,0,0
1564,1564,/presorted/trial (874).jpg,0,0,1
267,267,/cluttered/Anlerndaten (296).jpg,0,0,2
1631,1631,/presorted/trial (934).jpg,0,0,1
678,678,/cluttered/Anlerndaten (666).jpg,0,0,0
81,81,/presorted/trial (1071).jpg,0,0,0
1616,1616,/presorted/trial (920).jpg,0,0,1
1202,1202,/presorted/trial (548).jpg,0,0,1
1366,1366,/presorted/trial (696).jpg,0,0,1
805,805,/cluttered/Anlerndaten (780).jpg,0,0,2
859,859,/cluttered/Anlerndaten (829).jpg,0,0,1
639,639,/presorted/trial (1574).jpg,1,0,2
205,205,/presorted/trial (1183).jpg,0,0,1
746,746,/cluttered/Anlerndaten (727).jpg,0,0,1
236,236,/cluttered/Anlerndaten (268).jpg,0,0,1
1035,1035,/cluttered/Anlerndaten (988).jpg,1,0,2
462,462,/presorted/trial (1414).jpg,0,0,0
1029,1029,/presorted/trial (392).jpg,0,0,1
1047,1047,/cluttered/Anlerndaten (999).jpg,0,0,1
1632,1632,/presorted/trial (935).jpg,0,0,2
168,168,/presorted/trial (115).jpg,0,0,1
900,900,/presorted/trial (276).jpg,0,0,1
1072,1072,/presorted/trial (430).jpg,0,0,1
217,217,/cluttered/Anlerndaten (250).jpg,0,0,1
1255,1255,/presorted/trial (596).jpg,0,0,1
1462,1462,/presorted/trial (782).jpg,0,0,1
1082,1082,/presorted/trial (44).jpg,0,0,1
262,262,/cluttered/Anlerndaten (291).jpg,0,0,0
328,328,/cluttered/Anlerndaten (350).jpg,1,0,1
399,399,/cluttered/Anlerndaten (414).jpg,0,0,1
852,852,/cluttered/Anlerndaten (822).jpg,0,0,2
857,857,/cluttered/Anlerndaten (827).jpg,0,0,2
1032,1032,/cluttered/Anlerndaten (985).jpg,0,0,2
413,413,/presorted/trial (1370).jpg,0,0,1
1131,1131,/presorted/trial (484).jpg,0,0,1
126,126,/presorted/trial (1111).jpg,0,0,1
80,80,/cluttered/Anlerndaten (127).jpg,0,0,1
213,213,/presorted/trial (1190).jpg,0,0,1
737,737,/presorted/trial (1662).jpg,0,0,1
937,937,/cluttered/Anlerndaten (9).jpg,0,0,1
1061,1061,/presorted/trial (420).jpg,0,0,1
986,986,/presorted/trial (353).jpg,1,0,2
1365,1365,/presorted/trial (695).jpg,0,0,0
641,641,/cluttered/Anlerndaten (632).jpg,0,0,1
947,947,/presorted/trial (318).jpg,0,0,1
39,39,/presorted/trial (1033).jpg,0,0,1
1295,1295,/presorted/trial (631).jpg,0,0,1
1635,1635,/presorted/trial (938).jpg,0,0,1
712,712,/cluttered/Anlerndaten (697).jpg,1,0,5
21,21,/presorted/trial (1017).jpg,0,0,1
427,427,/presorted/trial (1383).jpg,0,0,0
428,428,/presorted/trial (1384).jpg,0,0,0
1486,1486,/presorted/trial (803).jpg,0,0,1
232,232,/presorted/trial (1207).jpg,0,0,1
256,256,/cluttered/Anlerndaten (286).jpg,1,0,1
707,707,/cluttered/Anlerndaten (692).jpg,0,0,1
1547,1547,/presorted/trial (859).jpg,0,0,1
7,7,/presorted/trial (1004).jpg,0,0,1
1058,1058,/presorted/trial (418).jpg,0,0,1
424,424,/cluttered/Anlerndaten (437).jpg,0,0,1
1025,1025,/cluttered/Anlerndaten (979).jpg,0,0,2
46,46,/presorted/trial (104).jpg,1,0,1
1416,1416,/presorted/trial (740).jpg,1,0,2
1650,1650,/presorted/trial (951).jpg,0,0,0
465,465,/presorted/trial (1417).jpg,0,0,0
1507,1507,/presorted/trial (822).jpg,0,0,0
154,154,/cluttered/Anlerndaten (194).jpg,0,0,1
902,902,/cluttered/Anlerndaten (868).jpg,1,0,1
249,249,/cluttered/Anlerndaten (28).jpg,0,0,3
1491,1491,/presorted/trial (808).jpg,0,0,0
1463,1463,/presorted/trial (783).jpg,0,0,1
16,16,/presorted/trial (1012).jpg,0,0,0
933,933,/cluttered/Anlerndaten (896).jpg,0,0,1
816,816,/presorted/trial (20).jpg,0,0,1
837,837,/cluttered/Anlerndaten (809).jpg,1,0,3
384,384,/presorted/trial (1344).jpg,0,0,1
1112,1112,/presorted/trial (467).jpg,0,0,1
1420,1420,/presorted/trial (744).jpg,0,0,1
701,701,/cluttered/Anlerndaten (687).jpg,0,0,1
661,661,/cluttered/Anlerndaten (650).jpg,0,0,2
371,371,/cluttered/Anlerndaten (39).jpg,0,0,1
1179,1179,/presorted/trial (527).jpg,0,0,1
38,38,/presorted/trial (1032).jpg,0,0,0
291,291,/cluttered/Anlerndaten (317).jpg,0,0,1
147,147,/presorted/trial (1130).jpg,0,0,1
211,211,/presorted/trial (1189).jpg,1,0,2
273,273,/presorted/trial (1244).jpg,1,0,1
64,64,/cluttered/Anlerndaten (112).jpg,0,0,2
699,699,/presorted/trial (1628).jpg,0,0,1
1687,1687,/presorted/trial (985).jpg,0,0,1
997,997,/presorted/trial (363).jpg,0,0,0
451,451,/cluttered/Anlerndaten (461).jpg,0,0,0
1551,1551,/presorted/trial (862).jpg,0,0,1
171,171,/presorted/trial (1152).jpg,0,0,1
1680,1680,/presorted/trial (979).jpg,1,0,2
786,786,/cluttered/Anlerndaten (763).jpg,1,0,3
253,253,/cluttered/Anlerndaten (283).jpg,0,0,1
689,689,/cluttered/Anlerndaten (676).jpg,0,0,0
671,671,/cluttered/Anlerndaten (66).jpg,0,0,1
361,361,/presorted/trial (1323).jpg,0,0,0
805,805,/presorted/trial (190).jpg,0,0,1
997,997,/cluttered/Anlerndaten (953).jpg,0,0,1
433,433,/presorted/trial (1389).jpg,0,0,1
653,653,/presorted/trial (1587).jpg,0,0,0
223,223,/cluttered/Anlerndaten (256).jpg,0,0,1
33,33,/presorted/trial (1028).jpg,0,0,1
1217,1217,/presorted/trial (561).jpg,0,0,1
1552,1552,/presorted/trial (863).jpg,0,0,1
1120,1120,/presorted/trial (474).jpg,0,0,1
139,139,/presorted/trial (1123).jpg,1,0,1
34,34,/presorted/trial (1029).jpg,0,0,1
594,594,/cluttered/Anlerndaten (590).jpg,0,0,1
772,772,/cluttered/Anlerndaten (750).jpg,0,0,1
141,141,/presorted/trial (1125).jpg,0,0,0
602,602,/cluttered/Anlerndaten (598).jpg,1,0,3
394,394,/cluttered/Anlerndaten (41).jpg,0,0,1
1686,1686,/presorted/trial (984).jpg,0,0,1
1321,1321,/presorted/trial (655).jpg,0,0,1
1132,1132,/presorted/trial (485).jpg,0,0,0
257,257,/cluttered/Anlerndaten (287).jpg,0,0,3
300,300,/presorted/trial (1269).jpg,0,0,1
122,122,/cluttered/Anlerndaten (165).jpg,0,0,2
389,389,/presorted/trial (1349).jpg,0,0,2
1441,1441,/presorted/trial (763).jpg,0,0,1
523,523,/presorted/trial (147).jpg,0,0,1
499,499,/presorted/trial (1448).jpg,1,0,2
510,510,/cluttered/Anlerndaten (514).jpg,1,0,1
217,217,/presorted/trial (1194).jpg,0,0,0
28,28,/cluttered/Anlerndaten (1023).jpg,0,0,0
1020,1020,/cluttered/Anlerndaten (974).jpg,0,0,1
631,631,/presorted/trial (1567).jpg,0,0,1
581,581,/cluttered/Anlerndaten (579).jpg,0,0,1
763,763,/cluttered/Anlerndaten (742).jpg,0,0,0
952,952,/cluttered/Anlerndaten (912).jpg,0,0,2
517,517,/presorted/trial (1464).jpg,1,0,2
1300,1300,/presorted/trial (636).jpg,0,0,0
669,669,/cluttered/Anlerndaten (658).jpg,0,0,1
707,707,/presorted/trial (1635).jpg,0,0,0
1608,1608,/presorted/trial (913).jpg,0,0,0
268,268,/presorted/trial (124).jpg,0,0,1
1019,1019,/cluttered/Anlerndaten (973).jpg,1,0,3
327,327,/presorted/trial (1293).jpg,0,0,1
677,677,/presorted/trial (1608).jpg,1,0,2
366,366,/presorted/trial (1328).jpg,0,0,1
1133,1133,/presorted/trial (486).jpg,0,0,0
336,336,/presorted/trial (1300).jpg,0,0,1
591,591,/presorted/trial (1530).jpg,0,0,0
647,647,/presorted/trial (1581).jpg,0,0,0
527,527,/cluttered/Anlerndaten (53).jpg,0,0,1
600,600,/presorted/trial (1539).jpg,0,0,0
970,970,/cluttered/Anlerndaten (929).jpg,0,0,1
1601,1601,/presorted/trial (907).jpg,0,0,1
86,86,/presorted/trial (1076).jpg,0,0,0
350,350,/cluttered/Anlerndaten (370).jpg,0,0,1
504,504,/cluttered/Anlerndaten (509).jpg,1,0,3
1526,1526,/presorted/trial (84).jpg,0,0,1
1400,1400,/presorted/trial (726).jpg,0,0,1
306,306,/cluttered/Anlerndaten (330).jpg,0,0,1
1249,1249,/presorted/trial (590).jpg,0,0,1
1059,1059,/presorted/trial (419).jpg,0,0,1
332,332,/presorted/trial (1298).jpg,0,0,1
733,733,/cluttered/Anlerndaten (715).jpg,0,0,1
83,83,/presorted/trial (1073).jpg,0,0,1
684,684,/cluttered/Anlerndaten (671).jpg,0,0,2
442,442,/cluttered/Anlerndaten (453).jpg,0,0,1
1289,1289,/presorted/trial (626).jpg,0,0,1
1138,1138,/presorted/trial (490).jpg,0,0,1
192,192,/presorted/trial (1171).jpg,0,0,1
1360,1360,/presorted/trial (690).jpg,0,0,1
473,473,/presorted/trial (1424).jpg,0,0,0
479,479,/presorted/trial (143).jpg,0,0,1
769,769,/cluttered/Anlerndaten (748).jpg,0,0,1
53,53,/presorted/trial (1046).jpg,0,0,0
415,415,/cluttered/Anlerndaten (429).jpg,0,0,2
165,165,/presorted/trial (1147).jpg,0,0,1
871,871,/presorted/trial (25).jpg,0,0,1
810,810,/presorted/trial (195).jpg,0,0,0
6,6,/presorted/trial (1003).jpg,0,0,1
498,498,/cluttered/Anlerndaten (503).jpg,1,0,3
280,280,/presorted/trial (1250).jpg,1,0,1
866,866,/cluttered/Anlerndaten (835).jpg,1,0,1
887,887,/cluttered/Anlerndaten (854).jpg,0,0,0
602,602,/presorted/trial (1540).jpg,0,0,0
1579,1579,/presorted/trial (888).jpg,0,0,0
463,463,/presorted/trial (1415).jpg,0,0,0
756,756,/presorted/trial (168).jpg,0,0,1
1087,1087,/presorted/trial (444).jpg,0,0,0
748,748,/presorted/trial (1672).jpg,0,0,1
1022,1022,/presorted/trial (386).jpg,0,0,1
1375,1375,/presorted/trial (703).jpg,0,0,1
54,54,/presorted/trial (1047).jpg,0,0,1
1352,1352,/presorted/trial (683).jpg,0,0,1
1468,1468,/presorted/trial (788).jpg,0,0,1
960,960,/presorted/trial (33).jpg,0,0,1
1151,1151,/presorted/trial (501).jpg,1,0,1
587,587,/presorted/trial (1527).jpg,0,0,1
1659,1659,/presorted/trial (96).jpg,0,0,0
993,993,/cluttered/Anlerndaten (95).jpg,0,0,1
734,734,/cluttered/Anlerndaten (716).jpg,0,0,1
901,901,/presorted/trial (277).jpg,0,0,1
539,539,/cluttered/Anlerndaten (540).jpg,0,0,2
1003,1003,/presorted/trial (369).jpg,0,0,1
1315,1315,/presorted/trial (65).jpg,0,0,1
277,277,/cluttered/Anlerndaten (304).jpg,0,0,1
1355,1355,/presorted/trial (686).jpg,0,0,1
911,911,/presorted/trial (286).jpg,0,0,1
1527,1527,/presorted/trial (840).jpg,0,0,1
1198,1198,/presorted/trial (544).jpg,0,0,1
1353,1353,/presorted/trial (684).jpg,0,0,1
1588,1588,/presorted/trial (896).jpg,0,0,1
160,160,/presorted/trial (1142).jpg,0,0,1
1192,1192,/presorted/trial (539).jpg,0,0,1
637,637,/cluttered/Anlerndaten (629).jpg,0,0,2
1587,1587,/presorted/trial (895).jpg,0,0,1
914,914,/presorted/trial (289).jpg,0,0,1
743,743,/presorted/trial (1668).jpg,0,0,1
659,659,/cluttered/Anlerndaten (649).jpg,0,0,1
170,170,/presorted/trial (1151).jpg,0,0,0
1010,1010,/cluttered/Anlerndaten (965).jpg,0,0,1
1163,1163,/presorted/trial (512).jpg,0,0,1
921,921,/cluttered/Anlerndaten (885).jpg,0,0,0
672,672,/presorted/trial (1603).jpg,0,0,0
34,34,/cluttered/Anlerndaten (1029).jpg,0,0,1
779,779,/cluttered/Anlerndaten (757).jpg,0,0,1
816,816,/cluttered/Anlerndaten (790).jpg,0,0,1
590,590,/cluttered/Anlerndaten (587).jpg,0,0,2
1625,1625,/presorted/trial (929).jpg,0,0,1
981,981,/presorted/trial (349).jpg,0,0,1
464,464,/presorted/trial (1416).jpg,0,0,1
340,340,/presorted/trial (1304).jpg,0,0,1
983,983,/cluttered/Anlerndaten (940).jpg,0,0,0
651,651,/cluttered/Anlerndaten (641).jpg,0,0,1
402,402,/cluttered/Anlerndaten (417).jpg,0,0,2
10,10,/cluttered/Anlerndaten (1007).jpg,0,0,1
307,307,/cluttered/Anlerndaten (331).jpg,0,0,2
829,829,/cluttered/Anlerndaten (801).jpg,0,0,1
139,139,/cluttered/Anlerndaten (180).jpg,1,0,3
476,476,/cluttered/Anlerndaten (484).jpg,0,0,1
181,181,/cluttered/Anlerndaten (218).jpg,1,0,2
647,647,/cluttered/Anlerndaten (638).jpg,0,0,2
560,560,/presorted/trial (1502).jpg,0,0,0
1403,1403,/presorted/trial (729).jpg,0,0,0
432,432,/cluttered/Anlerndaten (444).jpg,0,0,1
1037,1037,/cluttered/Anlerndaten (99).jpg,0,0,1
351,351,/cluttered/Anlerndaten (371).jpg,0,0,1
1188,1188,/presorted/trial (535).jpg,0,0,1
1652,1652,/presorted/trial (953).jpg,0,0,1
405,405,/cluttered/Anlerndaten (42).jpg,0,0,1
43,43,/presorted/trial (1037).jpg,0,0,1
900,900,/cluttered/Anlerndaten (866).jpg,0,0,2
959,959,/presorted/trial (329).jpg,0,0,1
848,848,/cluttered/Anlerndaten (819).jpg,0,0,1
628,628,/cluttered/Anlerndaten (620).jpg,0,0,1
598,598,/presorted/trial (1537).jpg,0,0,1
636,636,/presorted/trial (1571).jpg,0,0,0
777,777,/cluttered/Anlerndaten (755).jpg,0,0,1
323,323,/cluttered/Anlerndaten (346).jpg,0,0,1
853,853,/presorted/trial (233).jpg,0,0,1
1039,1039,/cluttered/Anlerndaten (991).jpg,0,0,0
450,450,/presorted/trial (1403).jpg,0,0,0
243,243,/presorted/trial (1217).jpg,0,0,1
100,100,/cluttered/Anlerndaten (145).jpg,0,0,2
556,556,/cluttered/Anlerndaten (556).jpg,0,0,1
577,577,/cluttered/Anlerndaten (575).jpg,0,0,2
1530,1530,/presorted/trial (843).jpg,0,0,1
22,22,/cluttered/Anlerndaten (1018).jpg,0,0,0
610,610,/presorted/trial (1548).jpg,0,0,0
1379,1379,/presorted/trial (707).jpg,0,0,1
1105,1105,/presorted/trial (460).jpg,0,0,0
46,46,/cluttered/Anlerndaten (104).jpg,1,0,2
620,620,/cluttered/Anlerndaten (613).jpg,0,0,1
107,107,/presorted/trial (1095).jpg,0,0,1
342,342,/presorted/trial (1306).jpg,1,0,2
1591,1591,/presorted/trial (899).jpg,0,0,1
982,982,/presorted/trial (35).jpg,0,0,1
82,82,/cluttered/Anlerndaten (129).jpg,0,0,2
24,24,/presorted/trial (102).jpg,0,0,1
584,584,/presorted/trial (1524).jpg,0,0,0
943,943,/presorted/trial (314).jpg,0,0,1
920,920,/presorted/trial (294).jpg,0,0,1
356,356,/cluttered/Anlerndaten (376).jpg,0,0,1
291,291,/presorted/trial (1260).jpg,0,0,0
660,660,/presorted/trial (1593).jpg,0,0,0
24,24,/cluttered/Anlerndaten (102).jpg,0,0,2
726,726,/presorted/trial (1652).jpg,0,0,1
40,40,/presorted/trial (1034).jpg,0,0,1
1612,1612,/presorted/trial (917).jpg,0,0,0
568,568,/cluttered/Anlerndaten (567).jpg,0,0,1
193,193,/cluttered/Anlerndaten (229).jpg,0,0,3
922,922,/cluttered/Anlerndaten (886).jpg,1,0,2
1469,1469,/presorted/trial (789).jpg,0,0,1
195,195,/cluttered/Anlerndaten (230).jpg,0,0,2
436,436,/cluttered/Anlerndaten (448).jpg,0,0,1
1392,1392,/presorted/trial (719).jpg,0,0,1
722,722,/presorted/trial (1649).jpg,0,0,1
923,923,/presorted/trial (297).jpg,0,0,1
1185,1185,/presorted/trial (532).jpg,0,0,1
908,908,/presorted/trial (283).jpg,0,0,1
323,323,/presorted/trial (129).jpg,0,0,1
1578,1578,/presorted/trial (887).jpg,0,0,1
452,452,/cluttered/Anlerndaten (462).jpg,0,0,1
977,977,/presorted/trial (345).jpg,0,0,1
1225,1225,/presorted/trial (569).jpg,0,0,1
580,580,/presorted/trial (1520).jpg,0,0,1
731,731,/cluttered/Anlerndaten (713).jpg,0,0,1
567,567,/presorted/trial (1509).jpg,0,0,1
1127,1127,/presorted/trial (480).jpg,0,0,1
3,3,/presorted/trial (1000).jpg,0,0,1
1571,1571,/presorted/trial (880).jpg,0,0,2
1673,1673,/presorted/trial (972).jpg,0,0,0
899,899,/presorted/trial (275).jpg,0,0,1
955,955,/cluttered/Anlerndaten (915).jpg,1,0,2
994,994,/presorted/trial (360).jpg,0,0,1
1541,1541,/presorted/trial (853).jpg,0,0,1
945,945,/presorted/trial (316).jpg,0,0,1
143,143,/cluttered/Anlerndaten (184).jpg,0,0,1
1580,1580,/presorted/trial (889).jpg,0,0,0
388,388,/cluttered/Anlerndaten (404).jpg,0,0,1
742,742,/presorted/trial (1667).jpg,0,0,1
524,524,/cluttered/Anlerndaten (527).jpg,0,0,1
126,126,/cluttered/Anlerndaten (169).jpg,1,0,2
161,161,/cluttered/Anlerndaten (20).jpg,0,0,1
711,711,/presorted/trial (1639).jpg,0,0,2
1496,1496,/presorted/trial (812).jpg,0,0,1
563,563,/cluttered/Anlerndaten (562).jpg,0,0,1
439,439,/cluttered/Anlerndaten (450).jpg,0,0,1
802,802,/cluttered/Anlerndaten (778).jpg,0,0,1
635,635,/presorted/trial (1570).jpg,0,0,0
1174,1174,/presorted/trial (522).jpg,0,0,1
890,890,/presorted/trial (267).jpg,0,0,1
825,825,/presorted/trial (208).jpg,0,0,1
930,930,/cluttered/Anlerndaten (893).jpg,0,0,1
764,764,/presorted/trial (1687).jpg,0,0,1
1389,1389,/presorted/trial (716).jpg,0,0,1
408,408,/presorted/trial (1366).jpg,1,0,2
1408,1408,/presorted/trial (733).jpg,0,0,1
1213,1213,/presorted/trial (558).jpg,0,0,0
1562,1562,/presorted/trial (872).jpg,0,0,1
509,509,/presorted/trial (1457).jpg,1,0,2
582,582,/presorted/trial (1522).jpg,0,0,0
957,957,/cluttered/Anlerndaten (917).jpg,1,0,2
655,655,/presorted/trial (1589).jpg,0,0,0
194,194,/cluttered/Anlerndaten (23).jpg,1,0,1
920,920,/cluttered/Anlerndaten (884).jpg,0,0,1
827,827,/presorted/trial (21).jpg,1,0,1
1334,1334,/presorted/trial (667).jpg,0,0,1
751,751,/presorted/trial (1675).jpg,0,0,1
300,300,/cluttered/Anlerndaten (325).jpg,0,0,1
1415,1415,/presorted/trial (74).jpg,0,0,1
429,429,/presorted/trial (1385).jpg,0,0,1
1664,1664,/presorted/trial (964).jpg,0,0,1
284,284,/presorted/trial (1254).jpg,1,0,2
562,562,/presorted/trial (1504).jpg,1,0,2
1581,1581,/presorted/trial (89).jpg,0,0,1
1344,1344,/presorted/trial (676).jpg,0,0,1
820,820,/presorted/trial (203).jpg,0,0,1
334,334,/cluttered/Anlerndaten (356).jpg,0,0,1
1436,1436,/presorted/trial (759).jpg,0,0,1
1696,1696,/presorted/trial (993).jpg,0,0,1
391,391,/presorted/trial (1350).jpg,0,0,1
1175,1175,/presorted/trial (523).jpg,0,0,1
656,656,/cluttered/Anlerndaten (646).jpg,0,0,1
564,564,/cluttered/Anlerndaten (563).jpg,0,0,1
813,813,/cluttered/Anlerndaten (788).jpg,0,0,2
1042,1042,/cluttered/Anlerndaten (994).jpg,0,0,0
144,144,/presorted/trial (1128).jpg,0,0,1
1009,1009,/cluttered/Anlerndaten (964).jpg,0,0,1
928,928,/cluttered/Anlerndaten (891).jpg,0,0,0
89,89,/presorted/trial (1079).jpg,0,0,1
381,381,/presorted/trial (1341).jpg,1,0,2
676,676,/presorted/trial (1607).jpg,0,0,1
149,149,/presorted/trial (1132).jpg,0,0,1
1240,1240,/presorted/trial (582).jpg,0,0,1
612,612,/cluttered/Anlerndaten (606).jpg,0,0,1
484,484,/presorted/trial (1434).jpg,0,0,1
614,614,/cluttered/Anlerndaten (608).jpg,0,0,1
592,592,/presorted/trial (1531).jpg,0,0,0
1239,1239,/presorted/trial (581).jpg,0,0,1
198,198,/presorted/trial (1177).jpg,0,0,1
290,290,/presorted/trial (126).jpg,0,0,0
1232,1232,/presorted/trial (575).jpg,0,0,1
473,473,/cluttered/Anlerndaten (481).jpg,1,0,1
648,648,/presorted/trial (1582).jpg,0,0,0
784,784,/cluttered/Anlerndaten (761).jpg,0,0,0
633,633,/presorted/trial (1569).jpg,0,0,0
190,190,/presorted/trial (117).jpg,0,0,1
748,748,/cluttered/Anlerndaten (729).jpg,0,0,1
27,27,/presorted/trial (1022).jpg,0,0,1
171,171,/cluttered/Anlerndaten (209).jpg,0,0,1
20,20,/cluttered/Anlerndaten (1016).jpg,1,0,2
1297,1297,/presorted/trial (633).jpg,1,0,2
962,962,/cluttered/Anlerndaten (921).jpg,0,0,1
665,665,/presorted/trial (1598).jpg,0,0,0
1153,1153,/presorted/trial (503).jpg,0,0,1
705,705,/cluttered/Anlerndaten (690).jpg,0,0,3
659,659,/presorted/trial (1592).jpg,0,0,0
378,378,/presorted/trial (1339).jpg,0,0,1
1465,1465,/presorted/trial (785).jpg,0,0,1
165,165,/cluttered/Anlerndaten (203).jpg,0,0,0
1638,1638,/presorted/trial (940).jpg,1,0,1
979,979,/cluttered/Anlerndaten (937).jpg,0,0,0
609,609,/cluttered/Anlerndaten (603).jpg,1,1,3
289,289,/presorted/trial (1259).jpg,0,0,1
489,489,/presorted/trial (1439).jpg,0,0,0
30,30,/cluttered/Anlerndaten (1025).jpg,0,0,0
1296,1296,/presorted/trial (632).jpg,0,0,1
1023,1023,/cluttered/Anlerndaten (977).jpg,0,0,2
939,939,/presorted/trial (310).jpg,0,0,1
762,762,/cluttered/Anlerndaten (741).jpg,0,0,1
1370,1370,/presorted/trial (7).jpg,0,0,1
815,815,/presorted/trial (2).jpg,1,0,2
834,834,/cluttered/Anlerndaten (806).jpg,0,0,1
1483,1483,/presorted/trial (800).jpg,0,0,1
1609,1609,/presorted/trial (914).jpg,0,0,1
1576,1576,/presorted/trial (885).jpg,0,0,0
152,152,/presorted/trial (1135).jpg,0,0,0
1341,1341,/presorted/trial (673).jpg,1,0,2
419,419,/cluttered/Anlerndaten (432).jpg,0,0,1
307,307,/presorted/trial (1275).jpg,0,0,1
686,686,/cluttered/Anlerndaten (673).jpg,0,0,1
304,304,/cluttered/Anlerndaten (329).jpg,0,0,2
119,119,/presorted/trial (1105).jpg,1,0,2
305,305,/cluttered/Anlerndaten (33).jpg,1,0,2
729,729,/presorted/trial (1655).jpg,0,0,1
1630,1630,/presorted/trial (933).jpg,0,0,1
21,21,/cluttered/Anlerndaten (1017).jpg,0,0,0
381,381,/cluttered/Anlerndaten (399).jpg,0,0,1
703,703,/cluttered/Anlerndaten (689).jpg,1,0,1
1272,1272,/presorted/trial (610).jpg,0,0,0
1041,1041,/cluttered/Anlerndaten (993).jpg,0,0,1
1171,1171,/presorted/trial (52).jpg,0,0,1
578,578,/cluttered/Anlerndaten (576).jpg,0,0,1
303,303,/presorted/trial (1271).jpg,0,0,1
779,779,/presorted/trial (170).jpg,0,0,1
664,664,/presorted/trial (1597).jpg,0,0,0
402,402,/presorted/trial (1360).jpg,0,0,1
823,823,/presorted/trial (206).jpg,0,0,1
194,194,/presorted/trial (1173).jpg,0,0,1
220,220,/presorted/trial (1197).jpg,0,0,0
866,866,/presorted/trial (245).jpg,0,0,1
88,88,/cluttered/Anlerndaten (134).jpg,0,0,0
14,14,/cluttered/Anlerndaten (1010).jpg,0,0,1
354,354,/presorted/trial (1317).jpg,1,0,2
390,390,/presorted/trial (135).jpg,0,0,1
656,656,/presorted/trial (159).jpg,1,0,2
84,84,/presorted/trial (1074).jpg,0,0,1
1398,1398,/presorted/trial (724).jpg,0,0,1
1136,1136,/presorted/trial (489).jpg,0,0,0
735,735,/cluttered/Anlerndaten (717).jpg,0,0,1
227,227,/presorted/trial (1202).jpg,0,0,1
210,210,/presorted/trial (1188).jpg,0,0,0
1624,1624,/presorted/trial (928).jpg,0,0,1
785,785,/cluttered/Anlerndaten (762).jpg,0,0,1
1342,1342,/presorted/trial (674).jpg,0,0,1
571,571,/cluttered/Anlerndaten (57).jpg,0,0,3
510,510,/presorted/trial (1458).jpg,0,0,1
505,505,/cluttered/Anlerndaten (51).jpg,0,0,1
483,483,/cluttered/Anlerndaten (490).jpg,0,0,1
723,723,/cluttered/Anlerndaten (706).jpg,0,0,1
110,110,/cluttered/Anlerndaten (154).jpg,0,0,1
56,56,/presorted/trial (1049).jpg,0,0,1
590,590,/presorted/trial (153).jpg,0,0,1
136,136,/presorted/trial (1120).jpg,1,0,2
995,995,/presorted/trial (361).jpg,0,0,1
295,295,/presorted/trial (1264).jpg,0,0,1
1006,1006,/presorted/trial (371).jpg,0,0,1
911,911,/cluttered/Anlerndaten (876).jpg,0,0,0
29,29,/presorted/trial (1024).jpg,0,0,1
810,810,/cluttered/Anlerndaten (785).jpg,0,0,1
206,206,/presorted/trial (1184).jpg,1,0,2
474,474,/cluttered/Anlerndaten (482).jpg,0,0,1
350,350,/presorted/trial (1313).jpg,0,0,1
905,905,/presorted/trial (280).jpg,0,0,1
640,640,/presorted/trial (1575).jpg,0,0,0
1037,1037,/presorted/trial (4).jpg,0,0,0
1484,1484,/presorted/trial (801).jpg,0,0,1
732,732,/presorted/trial (1658).jpg,0,0,1
967,967,/cluttered/Anlerndaten (926).jpg,0,0,1
576,576,/presorted/trial (1517).jpg,1,0,2
500,500,/cluttered/Anlerndaten (505).jpg,0,0,3
730,730,/cluttered/Anlerndaten (712).jpg,0,0,1
904,904,/cluttered/Anlerndaten (87).jpg,0,0,0
1264,1264,/presorted/trial (603).jpg,0,0,1
75,75,/cluttered/Anlerndaten (122).jpg,0,0,1
801,801,/presorted/trial (187).jpg,0,0,1
23,23,/cluttered/Anlerndaten (1019).jpg,0,0,0
950,950,/cluttered/Anlerndaten (910).jpg,0,0,0
1327,1327,/presorted/trial (660).jpg,0,0,1
1316,1316,/presorted/trial (650).jpg,0,0,1
954,954,/presorted/trial (324).jpg,0,0,1
236,236,/presorted/trial (1210).jpg,0,0,1
59,59,/cluttered/Anlerndaten (108).jpg,0,0,2
246,246,/cluttered/Anlerndaten (277).jpg,0,0,2
359,359,/presorted/trial (1321).jpg,0,0,0
711,711,/cluttered/Anlerndaten (696).jpg,0,0,1
1476,1476,/presorted/trial (795).jpg,0,0,1
200,200,/cluttered/Anlerndaten (235).jpg,0,0,3
681,681,/presorted/trial (1611).jpg,0,0,0
537,537,/cluttered/Anlerndaten (539).jpg,0,0,1
330,330,/presorted/trial (1296).jpg,0,0,1
69,69,/cluttered/Anlerndaten (117).jpg,0,0,1
1649,1649,/presorted/trial (950).jpg,0,0,0
1570,1570,/presorted/trial (88).jpg,0,0,1
220,220,/cluttered/Anlerndaten (253).jpg,0,0,1
27,27,/cluttered/Anlerndaten (1022).jpg,0,0,0
512,512,/cluttered/Anlerndaten (516).jpg,0,0,1
403,403,/cluttered/Anlerndaten (418).jpg,1,0,3
374,374,/presorted/trial (1335).jpg,0,0,1
968,968,/cluttered/Anlerndaten (927).jpg,0,0,0
505,505,/presorted/trial (1453).jpg,0,0,0
1006,1006,/cluttered/Anlerndaten (961).jpg,0,0,0
286,286,/cluttered/Anlerndaten (312).jpg,0,0,2
943,943,/cluttered/Anlerndaten (904).jpg,0,0,1
1298,1298,/presorted/trial (634).jpg,0,0,1
751,751,/cluttered/Anlerndaten (731).jpg,0,0,1
768,768,/presorted/trial (1690).jpg,0,0,1
113,113,/presorted/trial (110).jpg,0,0,1
26,26,/presorted/trial (1021).jpg,0,0,2
1144,1144,/presorted/trial (496).jpg,0,0,1
1147,1147,/presorted/trial (499).jpg,0,0,1
1447,1447,/presorted/trial (769).jpg,0,0,1
592,592,/cluttered/Anlerndaten (589).jpg,0,0,1
698,698,/presorted/trial (1627).jpg,0,0,1
148,148,/cluttered/Anlerndaten (189).jpg,0,0,1
511,511,/presorted/trial (1459).jpg,0,0,1
924,924,/presorted/trial (298).jpg,0,0,1
1187,1187,/presorted/trial (534).jpg,0,0,1
839,839,/presorted/trial (220).jpg,0,0,0
957,957,/presorted/trial (327).jpg,0,0,1
274,274,/cluttered/Anlerndaten (301).jpg,1,0,4
105,105,/presorted/trial (1093).jpg,0,0,1
35,35,/presorted/trial (103).jpg,1,0,2
746,746,/presorted/trial (1670).jpg,0,0,1
1305,1305,/presorted/trial (640).jpg,0,0,1
726,726,/cluttered/Anlerndaten (709).jpg,0,0,0
293,293,/cluttered/Anlerndaten (319).jpg,0,0,1
495,495,/presorted/trial (1444).jpg,0,0,1
112,112,/cluttered/Anlerndaten (156).jpg,0,0,2
569,569,/presorted/trial (1510).jpg,0,0,0
235,235,/presorted/trial (121).jpg,0,0,1
1107,1107,/presorted/trial (462).jpg,0,0,0
1012,1012,/cluttered/Anlerndaten (967).jpg,0,0,1
102,102,/presorted/trial (1090).jpg,0,0,1
354,354,/cluttered/Anlerndaten (374).jpg,0,0,1
225,225,/presorted/trial (1200).jpg,0,0,0
380,380,/cluttered/Anlerndaten (398).jpg,1,0,2
1086,1086,/presorted/trial (443).jpg,0,0,2
135,135,/cluttered/Anlerndaten (177).jpg,0,0,1
1125,1125,/presorted/trial (479).jpg,0,0,0
132,132,/presorted/trial (1117).jpg,0,0,1
225,225,/cluttered/Anlerndaten (258).jpg,0,0,1
298,298,/cluttered/Anlerndaten (323).jpg,0,0,1
1417,1417,/presorted/trial (741).jpg,0,0,1
430,430,/presorted/trial (1386).jpg,0,0,0
540,540,/cluttered/Anlerndaten (541).jpg,0,0,1
533,533,/presorted/trial (1479).jpg,1,0,2
1498,1498,/presorted/trial (814).jpg,0,0,1
1369,1369,/presorted/trial (699).jpg,0,0,1
951,951,/cluttered/Anlerndaten (911).jpg,1,0,2
974,974,/cluttered/Anlerndaten (932).jpg,1,0,2
366,366,/cluttered/Anlerndaten (385).jpg,0,0,2
593,593,/cluttered/Anlerndaten (59).jpg,0,0,1
1262,1262,/presorted/trial (601).jpg,0,0,0
1013,1013,/cluttered/Anlerndaten (968).jpg,0,0,1
348,348,/cluttered/Anlerndaten (369).jpg,1,0,1
377,377,/cluttered/Anlerndaten (395).jpg,0,0,1
326,326,/cluttered/Anlerndaten (349).jpg,0,0,1
734,734,/presorted/trial (166).jpg,0,0,0
229,229,/presorted/trial (1204).jpg,1,0,2
808,808,/cluttered/Anlerndaten (783).jpg,0,0,1
164,164,/presorted/trial (1146).jpg,0,0,1
1590,1590,/presorted/trial (898).jpg,0,0,1
1698,1698,/presorted/trial (995).jpg,0,0,0
709,709,/presorted/trial (1637).jpg,0,0,1
80,80,/presorted/trial (1070).jpg,0,0,1
901,901,/cluttered/Anlerndaten (867).jpg,1,0,2
137,137,/cluttered/Anlerndaten (179).jpg,0,0,1
1018,1018,/presorted/trial (382).jpg,0,0,1
1167,1167,/presorted/trial (516).jpg,1,0,2
885,885,/presorted/trial (262).jpg,0,0,1
1685,1685,/presorted/trial (983).jpg,1,0,1
218,218,/cluttered/Anlerndaten (251).jpg,0,0,1
563,563,/presorted/trial (1505).jpg,0,0,0
1558,1558,/presorted/trial (869).jpg,0,0,0
1644,1644,/presorted/trial (946).jpg,0,0,1
33,33,/cluttered/Anlerndaten (1028).jpg,0,0,1
871,871,/cluttered/Anlerndaten (84).jpg,0,0,1
242,242,/cluttered/Anlerndaten (273).jpg,0,0,2
1651,1651,/presorted/trial (952).jpg,0,0,0
826,826,/cluttered/Anlerndaten (8).jpg,1,0,2
1676,1676,/presorted/trial (975).jpg,0,0,0
292,292,/presorted/trial (1261).jpg,1,0,2
36,36,/presorted/trial (1030).jpg,1,0,1
213,213,/cluttered/Anlerndaten (247).jpg,0,0,1
755,755,/cluttered/Anlerndaten (735).jpg,1,0,1
331,331,/cluttered/Anlerndaten (353).jpg,0,0,1
369,369,/cluttered/Anlerndaten (388).jpg,0,0,1
1542,1542,/presorted/trial (854).jpg,0,0,1
560,560,/cluttered/Anlerndaten (56).jpg,0,0,2
1235,1235,/presorted/trial (578).jpg,0,0,1
1395,1395,/presorted/trial (721).jpg,0,0,0
400,400,/presorted/trial (1359).jpg,0,0,1
51,51,/cluttered/Anlerndaten (1044).jpg,0,0,0
1623,1623,/presorted/trial (927).jpg,0,0,1
783,783,/cluttered/Anlerndaten (760).jpg,0,0,0
759,759,/cluttered/Anlerndaten (739).jpg,0,0,1
1529,1529,/presorted/trial (842).jpg,0,0,1
554,554,/cluttered/Anlerndaten (554).jpg,0,0,2
742,742,/cluttered/Anlerndaten (723).jpg,0,0,1
1008,1008,/cluttered/Anlerndaten (963).jpg,0,0,1
1575,1575,/presorted/trial (884).jpg,0,0,1
1301,1301,/presorted/trial (637).jpg,0,0,1
1043,1043,/cluttered/Anlerndaten (995).jpg,1,0,3
1487,1487,/presorted/trial (804).jpg,1,0,2
15,15,/cluttered/Anlerndaten (1011).jpg,0,0,2
616,616,/presorted/trial (1553).jpg,0,0,0
125,125,/presorted/trial (1110).jpg,1,0,2
683,683,/presorted/trial (1613).jpg,0,0,1
506,506,/presorted/trial (1454).jpg,0,0,0
895,895,/cluttered/Anlerndaten (861).jpg,1,0,2
423,423,/cluttered/Anlerndaten (436).jpg,0,0,2
438,438,/presorted/trial (1393).jpg,0,0,1
1618,1618,/presorted/trial (922).jpg,0,0,0
1470,1470,/presorted/trial (79).jpg,0,0,0
452,452,/presorted/trial (1405).jpg,0,0,1
562,562,/cluttered/Anlerndaten (561).jpg,0,0,2
931,931,/cluttered/Anlerndaten (894).jpg,0,0,1
496,496,/presorted/trial (1445).jpg,1,0,3
84,84,/cluttered/Anlerndaten (130).jpg,0,0,1
629,629,/cluttered/Anlerndaten (621).jpg,0,0,1
99,99,/presorted/trial (1088).jpg,0,0,1
1561,1561,/presorted/trial (871).jpg,0,0,1
1442,1442,/presorted/trial (764).jpg,0,0,1
418,418,/cluttered/Anlerndaten (431).jpg,0,0,0
557,557,/cluttered/Anlerndaten (557).jpg,0,0,1
944,944,/cluttered/Anlerndaten (905).jpg,1,0,2
1130,1130,/presorted/trial (483).jpg,0,0,1
956,956,/cluttered/Anlerndaten (916).jpg,0,0,0
1349,1349,/presorted/trial (680).jpg,1,0,2
304,304,/presorted/trial (1272).jpg,0,0,1
1394,1394,/presorted/trial (720).jpg,0,0,0
634,634,/cluttered/Anlerndaten (626).jpg,1,0,3
109,109,/cluttered/Anlerndaten (153).jpg,0,0,1
1206,1206,/presorted/trial (551).jpg,0,0,1
848,848,/presorted/trial (229).jpg,0,0,1
1434,1434,/presorted/trial (757).jpg,0,0,1
467,467,/presorted/trial (1419).jpg,1,0,2
875,875,/cluttered/Anlerndaten (843).jpg,1,0,3
1443,1443,/presorted/trial (765).jpg,0,0,1
163,163,/cluttered/Anlerndaten (201).jpg,0,0,1
485,485,/cluttered/Anlerndaten (492).jpg,0,0,1
893,893,/cluttered/Anlerndaten (86).jpg,1,0,2
492,492,/presorted/trial (1441).jpg,0,0,1
1227,1227,/presorted/trial (570).jpg,0,0,1
829,829,/presorted/trial (211).jpg,0,0,1
435,435,/presorted/trial (1390).jpg,1,0,2
570,570,/cluttered/Anlerndaten (569).jpg,0,0,1
132,132,/cluttered/Anlerndaten (174).jpg,1,0,2
178,178,/cluttered/Anlerndaten (215).jpg,0,0,2
926,926,/cluttered/Anlerndaten (89).jpg,0,0,1
140,140,/cluttered/Anlerndaten (181).jpg,0,0,1
599,599,/presorted/trial (1538).jpg,0,0,0
529,529,/presorted/trial (1475).jpg,0,0,1
557,557,/presorted/trial (150).jpg,1,0,1
234,234,/presorted/trial (1209).jpg,0,0,1
685,685,/presorted/trial (1615).jpg,0,0,1
223,223,/presorted/trial (12).jpg,0,0,1
757,757,/cluttered/Anlerndaten (737).jpg,0,0,1
314,314,/cluttered/Anlerndaten (338).jpg,0,0,1
1128,1128,/presorted/trial (481).jpg,0,0,1
308,308,/cluttered/Anlerndaten (332).jpg,0,0,2
1312,1312,/presorted/trial (647).jpg,0,0,1
667,667,/presorted/trial (16).jpg,0,0,0
530,530,/presorted/trial (1476).jpg,0,0,0
1464,1464,/presorted/trial (784).jpg,0,0,1
255,255,/cluttered/Anlerndaten (285).jpg,0,0,2
1565,1565,/presorted/trial (875).jpg,0,0,1
971,971,/cluttered/Anlerndaten (93).jpg,0,0,1
158,158,/cluttered/Anlerndaten (198).jpg,0,0,1
880,880,/cluttered/Anlerndaten (848).jpg,0,0,0
553,553,/cluttered/Anlerndaten (553).jpg,0,0,0
129,129,/cluttered/Anlerndaten (171).jpg,0,0,1
790,790,/cluttered/Anlerndaten (767).jpg,0,0,1
441,441,/cluttered/Anlerndaten (452).jpg,0,0,1
445,445,/cluttered/Anlerndaten (456).jpg,1,0,3
1511,1511,/presorted/trial (826).jpg,0,0,1
324,324,/presorted/trial (1290).jpg,0,0,1
362,362,/cluttered/Anlerndaten (381).jpg,0,0,1
807,807,/presorted/trial (192).jpg,0,0,0
1325,1325,/presorted/trial (659).jpg,0,0,1
196,196,/presorted/trial (1175).jpg,0,0,1
1613,1613,/presorted/trial (918).jpg,0,0,2
813,813,/presorted/trial (198).jpg,0,0,1
346,346,/presorted/trial (131).jpg,0,0,1
884,884,/cluttered/Anlerndaten (851).jpg,0,0,0
804,804,/cluttered/Anlerndaten (78).jpg,0,0,2
192,192,/cluttered/Anlerndaten (228).jpg,0,0,3
938,938,/presorted/trial (31).jpg,0,0,1
424,424,/presorted/trial (1380).jpg,0,0,0
645,645,/cluttered/Anlerndaten (636).jpg,0,0,1
71,71,/presorted/trial (1062).jpg,0,0,0
86,86,/cluttered/Anlerndaten (132).jpg,0,0,1
784,784,/presorted/trial (171).jpg,0,0,1
1023,1023,/presorted/trial (387).jpg,0,0,1
702,702,/presorted/trial (1630).jpg,0,0,1
1182,1182,/presorted/trial (53).jpg,0,0,1
379,379,/cluttered/Anlerndaten (397).jpg,0,0,2
1007,1007,/cluttered/Anlerndaten (962).jpg,1,0,4
967,967,/presorted/trial (336).jpg,0,0,1
812,812,/presorted/trial (197).jpg,0,0,1
1424,1424,/presorted/trial (748).jpg,0,0,1
136,136,/cluttered/Anlerndaten (178).jpg,0,0,1
1622,1622,/presorted/trial (926).jpg,0,0,1
958,958,/presorted/trial (328).jpg,0,0,1
1340,1340,/presorted/trial (672).jpg,1,0,3
648,648,/cluttered/Anlerndaten (639).jpg,0,0,1
259,259,/presorted/trial (1231).jpg,0,0,1
658,658,/presorted/trial (1591).jpg,0,0,0
809,809,/presorted/trial (194).jpg,0,0,1
526,526,/cluttered/Anlerndaten (529).jpg,0,0,1
1101,1101,/presorted/trial (457).jpg,0,0,2
558,558,/presorted/trial (1500).jpg,0,0,1
1359,1359,/presorted/trial (69).jpg,0,0,1
1474,1474,/presorted/trial (793).jpg,0,0,2
1653,1653,/presorted/trial (954).jpg,1,0,1
974,974,/presorted/trial (342).jpg,0,0,2
586,586,/presorted/trial (1526).jpg,1,0,2
365,365,/presorted/trial (1327).jpg,0,0,1
1220,1220,/presorted/trial (564).jpg,0,0,1
1137,1137,/presorted/trial (49).jpg,0,0,1
818,818,/cluttered/Anlerndaten (792).jpg,0,0,1
367,367,/presorted/trial (1329).jpg,0,0,0
1450,1450,/presorted/trial (771).jpg,0,0,1
77,77,/presorted/trial (1068).jpg,0,0,1
416,416,/cluttered/Anlerndaten (43).jpg,0,0,1
191,191,/presorted/trial (1170).jpg,0,0,1
96,96,/presorted/trial (1085).jpg,0,0,1
1454,1454,/presorted/trial (775).jpg,0,0,1
52,52,/cluttered/Anlerndaten (1045).jpg,0,0,1
1614,1614,/presorted/trial (919).jpg,0,0,1
831,831,/cluttered/Anlerndaten (803).jpg,0,0,0
437,437,/presorted/trial (1392).jpg,0,0,1
138,138,/cluttered/Anlerndaten (18).jpg,0,0,0
197,197,/cluttered/Anlerndaten (232).jpg,0,0,1
910,910,/cluttered/Anlerndaten (875).jpg,1,0,2
716,716,/cluttered/Anlerndaten (70).jpg,0,0,2
329,329,/cluttered/Anlerndaten (351).jpg,0,0,1
516,516,/cluttered/Anlerndaten (52).jpg,1,0,1
1274,1274,/presorted/trial (612).jpg,0,0,1
996,996,/presorted/trial (362).jpg,0,0,1
109,109,/presorted/trial (1097).jpg,0,0,1
347,347,/presorted/trial (1310).jpg,1,0,2
909,909,/cluttered/Anlerndaten (874).jpg,0,0,0
392,392,/cluttered/Anlerndaten (408).jpg,0,0,1
921,921,/presorted/trial (295).jpg,0,0,1
50,50,/cluttered/Anlerndaten (1043).jpg,0,0,0
401,401,/cluttered/Anlerndaten (416).jpg,0,0,0
1256,1256,/presorted/trial (597).jpg,0,0,1
284,284,/cluttered/Anlerndaten (310).jpg,0,0,1
607,607,/cluttered/Anlerndaten (601).jpg,0,0,1
856,856,/cluttered/Anlerndaten (826).jpg,0,0,1
1106,1106,/presorted/trial (461).jpg,1,0,1
244,244,/presorted/trial (1218).jpg,0,0,1
375,375,/cluttered/Anlerndaten (393).jpg,0,0,4
1384,1384,/presorted/trial (711).jpg,0,0,1
559,559,/cluttered/Anlerndaten (559).jpg,0,0,1
62,62,/cluttered/Anlerndaten (110).jpg,0,0,0
671,671,/presorted/trial (1602).jpg,0,0,0
67,67,/presorted/trial (1059).jpg,0,0,1
368,368,/presorted/trial (133).jpg,0,0,1
690,690,/cluttered/Anlerndaten (677).jpg,0,0,1
443,443,/presorted/trial (1398).jpg,0,0,0
124,124,/cluttered/Anlerndaten (167).jpg,0,0,1
1034,1034,/presorted/trial (397).jpg,0,0,2
980,980,/cluttered/Anlerndaten (938).jpg,1,0,3
1050,1050,/presorted/trial (410).jpg,0,0,0
931,931,/presorted/trial (303).jpg,0,0,2
292,292,/cluttered/Anlerndaten (318).jpg,1,0,1
428,428,/cluttered/Anlerndaten (440).jpg,0,0,1
386,386,/presorted/trial (1346).jpg,0,0,1
15,15,/presorted/trial (1011).jpg,0,0,1
855,855,/cluttered/Anlerndaten (825).jpg,1,0,2
1367,1367,/presorted/trial (697).jpg,0,0,1
471,471,/cluttered/Anlerndaten (48).jpg,0,0,1
687,687,/cluttered/Anlerndaten (674).jpg,0,0,1
678,678,/presorted/trial (1609).jpg,0,0,1
389,389,/cluttered/Anlerndaten (405).jpg,0,0,2
1280,1280,/presorted/trial (618).jpg,0,0,1
1278,1278,/presorted/trial (616).jpg,0,0,0
16,16,/cluttered/Anlerndaten (1012).jpg,0,0,0
883,883,/cluttered/Anlerndaten (850).jpg,0,0,2
1088,1088,/presorted/trial (445).jpg,0,0,1
1361,1361,/presorted/trial (691).jpg,0,0,1
1381,1381,/presorted/trial (709).jpg,0,0,1
1028,1028,/presorted/trial (391).jpg,0,0,1
449,449,/presorted/trial (1402).jpg,0,0,1
886,886,/cluttered/Anlerndaten (853).jpg,0,0,1
559,559,/presorted/trial (1501).jpg,0,0,1
241,241,/cluttered/Anlerndaten (272).jpg,0,0,1
1514,1514,/presorted/trial (829).jpg,1,0,1
251,251,/cluttered/Anlerndaten (281).jpg,0,0,0
1390,1390,/presorted/trial (717).jpg,1,0,1
1083,1083,/presorted/trial (440).jpg,0,0,1
30,30,/presorted/trial (1025).jpg,0,0,0
285,285,/cluttered/Anlerndaten (311).jpg,0,0,1
847,847,/cluttered/Anlerndaten (818).jpg,0,0,1
1126,1126,/presorted/trial (48).jpg,0,0,1
1426,1426,/presorted/trial (75).jpg,0,0,1
733,733,/presorted/trial (1659).jpg,0,0,1
393,393,/cluttered/Anlerndaten (409).jpg,0,0,1
977,977,/cluttered/Anlerndaten (935).jpg,0,0,1
440,440,/presorted/trial (1395).jpg,0,0,0
254,254,/presorted/trial (1227).jpg,0,0,1
749,749,/presorted/trial (1673).jpg,0,0,1
791,791,/cluttered/Anlerndaten (768).jpg,0,0,1
826,826,/presorted/trial (209).jpg,0,0,1
739,739,/presorted/trial (1664).jpg,0,0,1
270,270,/presorted/trial (1241).jpg,0,0,1
13,13,/presorted/trial (101).jpg,0,0,1
332,332,/cluttered/Anlerndaten (354).jpg,0,0,1
333,333,/presorted/trial (1299).jpg,0,0,1
640,640,/cluttered/Anlerndaten (631).jpg,0,0,1
552,552,/cluttered/Anlerndaten (552).jpg,0,0,2
740,740,/presorted/trial (1665).jpg,0,0,1
1115,1115,/presorted/trial (47).jpg,0,0,1
123,123,/cluttered/Anlerndaten (166).jpg,0,0,1
283,283,/presorted/trial (1253).jpg,0,0,1
935,935,/cluttered/Anlerndaten (898).jpg,0,0,1
535,535,/cluttered/Anlerndaten (537).jpg,0,0,1
1662,1662,/presorted/trial (962).jpg,0,0,1
309,309,/cluttered/Anlerndaten (333).jpg,0,0,2
322,322,/cluttered/Anlerndaten (345).jpg,0,0,1
154,154,/presorted/trial (1137).jpg,0,0,1
157,157,/cluttered/Anlerndaten (197).jpg,0,0,1
280,280,/cluttered/Anlerndaten (307).jpg,0,0,1
1276,1276,/presorted/trial (614).jpg,0,0,1
621,621,/cluttered/Anlerndaten (614).jpg,1,0,3
9,9,/cluttered/Anlerndaten (1006).jpg,0,0,1
1617,1617,/presorted/trial (921).jpg,0,0,1
341,341,/cluttered/Anlerndaten (362).jpg,0,0,0
160,160,/cluttered/Anlerndaten (2).jpg,0,0,1
919,919,/cluttered/Anlerndaten (883).jpg,0,0,1
990,990,/presorted/trial (357).jpg,0,0,1
70,70,/cluttered/Anlerndaten (118).jpg,0,0,1
986,986,/cluttered/Anlerndaten (943).jpg,0,0,0
1679,1679,/presorted/trial (978).jpg,0,0,1
1610,1610,/presorted/trial (915).jpg,0,0,1
230,230,/presorted/trial (1205).jpg,0,0,1
1009,1009,/presorted/trial (374).jpg,0,0,1
85,85,/cluttered/Anlerndaten (131).jpg,0,0,3
688,688,/cluttered/Anlerndaten (675).jpg,0,0,3
2,2,/cluttered/Anlerndaten (100).jpg,1,0,1
1243,1243,/presorted/trial (585).jpg,0,0,1
605,605,/cluttered/Anlerndaten (60).jpg,0,0,1
238,238,/presorted/trial (1212).jpg,0,0,1
493,493,/presorted/trial (1442).jpg,1,0,2
426,426,/cluttered/Anlerndaten (439).jpg,0,0,1
47,47,/presorted/trial (1040).jpg,0,0,0
585,585,/presorted/trial (1525).jpg,0,0,1
764,764,/cluttered/Anlerndaten (743).jpg,0,0,2
108,108,/presorted/trial (1096).jpg,0,0,1
913,913,/presorted/trial (288).jpg,0,0,1
867,867,/cluttered/Anlerndaten (836).jpg,0,0,1
1095,1095,/presorted/trial (451).jpg,0,0,1
1044,1044,/cluttered/Anlerndaten (996).jpg,0,0,1
538,538,/cluttered/Anlerndaten (54).jpg,0,0,1
208,208,/presorted/trial (1186).jpg,0,0,1
1165,1165,/presorted/trial (514).jpg,0,0,1
1078,1078,/presorted/trial (436).jpg,0,0,0
276,276,/cluttered/Anlerndaten (303).jpg,0,0,0
1043,1043,/presorted/trial (404).jpg,0,0,1
316,316,/presorted/trial (1283).jpg,1,0,2
522,522,/presorted/trial (1469).jpg,1,0,1
543,543,/cluttered/Anlerndaten (544).jpg,0,0,1
564,564,/presorted/trial (1506).jpg,0,0,1
174,174,/presorted/trial (1155).jpg,0,0,1
1409,1409,/presorted/trial (734).jpg,0,0,1
841,841,/presorted/trial (222).jpg,0,0,0
1670,1670,/presorted/trial (97).jpg,0,0,2
345,345,/cluttered/Anlerndaten (366).jpg,0,0,1
124,124,/presorted/trial (111).jpg,0,0,1
1531,1531,/presorted/trial (844).jpg,1,0,1
1419,1419,/presorted/trial (743).jpg,0,0,1
2,2,/presorted/trial (100).jpg,0,0,0
708,708,/presorted/trial (1636).jpg,0,0,1
254,254,/cluttered/Anlerndaten (284).jpg,0,0,1
965,965,/presorted/trial (334).jpg,0,0,1
341,341,/presorted/trial (1305).jpg,0,0,1
1024,1024,/presorted/trial (388).jpg,0,0,1
32,32,/cluttered/Anlerndaten (1027).jpg,0,0,0
19,19,/presorted/trial (1015).jpg,1,0,2
963,963,/presorted/trial (332).jpg,0,0,1
608,608,/cluttered/Anlerndaten (602).jpg,0,0,2
918,918,/cluttered/Anlerndaten (882).jpg,0,0,1
832,832,/presorted/trial (214).jpg,0,0,0
480,480,/cluttered/Anlerndaten (488).jpg,0,0,1
245,245,/presorted/trial (1219).jpg,0,0,1
1665,1665,/presorted/trial (965).jpg,1,1,1
145,145,/presorted/trial (1129).jpg,0,0,1
830,830,/presorted/trial (212).jpg,0,0,1
959,959,/cluttered/Anlerndaten (919).jpg,1,0,2
1388,1388,/presorted/trial (715).jpg,0,0,1
1477,1477,/presorted/trial (796).jpg,0,0,0
391,391,/cluttered/Anlerndaten (407).jpg,0,0,1
840,840,/presorted/trial (221).jpg,0,0,1
1674,1674,/presorted/trial (973).jpg,0,0,2
1004,1004,/cluttered/Anlerndaten (96).jpg,0,0,1
248,248,/presorted/trial (1221).jpg,0,0,1
443,443,/cluttered/Anlerndaten (454).jpg,0,0,1
545,545,/cluttered/Anlerndaten (546).jpg,0,0,1
508,508,/presorted/trial (1456).jpg,0,0,1
995,995,/cluttered/Anlerndaten (951).jpg,0,0,0
1640,1640,/presorted/trial (942).jpg,0,0,1
1036,1036,/presorted/trial (399).jpg,0,0,1
355,355,/presorted/trial (1318).jpg,0,0,1
238,238,/cluttered/Anlerndaten (27).jpg,0,0,3
788,788,/presorted/trial (175).jpg,0,0,1
141,141,/cluttered/Anlerndaten (182).jpg,0,0,1
42,42,/presorted/trial (1036).jpg,0,0,1
149,149,/cluttered/Anlerndaten (19).jpg,0,0,0
1307,1307,/presorted/trial (642).jpg,0,0,1
207,207,/presorted/trial (1185).jpg,0,0,1
344,344,/presorted/trial (1308).jpg,0,0,0
481,481,/presorted/trial (1431).jpg,0,0,0
623,623,/presorted/trial (156).jpg,0,0,1
197,197,/presorted/trial (1176).jpg,0,0,1
651,651,/presorted/trial (1585).jpg,0,0,0
953,953,/cluttered/Anlerndaten (913).jpg,0,0,1
581,581,/presorted/trial (1521).jpg,0,0,0
894,894,/cluttered/Anlerndaten (860).jpg,0,0,1
53,53,/cluttered/Anlerndaten (1046).jpg,0,0,1
1506,1506,/presorted/trial (821).jpg,1,0,2
916,916,/presorted/trial (290).jpg,0,0,1
1606,1606,/presorted/trial (911).jpg,0,0,1
348,348,/presorted/trial (1311).jpg,1,0,2
439,439,/presorted/trial (1394).jpg,0,0,0
576,576,/cluttered/Anlerndaten (574).jpg,0,0,1
472,472,/presorted/trial (1423).jpg,0,0,1
729,729,/cluttered/Anlerndaten (711).jpg,0,0,1
459,459,/cluttered/Anlerndaten (469).jpg,0,0,1
855,855,/presorted/trial (235).jpg,0,0,1
232,232,/cluttered/Anlerndaten (264).jpg,0,0,2
1499,1499,/presorted/trial (815).jpg,0,0,1
409,409,/presorted/trial (1367).jpg,0,0,1
1143,1143,/presorted/trial (495).jpg,0,0,1
561,561,/cluttered/Anlerndaten (560).jpg,0,0,2
1429,1429,/presorted/trial (752).jpg,0,0,1
1026,1026,/presorted/trial (39).jpg,0,0,1
495,495,/cluttered/Anlerndaten (500).jpg,1,0,5
1288,1288,/presorted/trial (625).jpg,0,0,0
159,159,/cluttered/Anlerndaten (199).jpg,1,0,4
863,863,/cluttered/Anlerndaten (832).jpg,0,0,1
327,327,/cluttered/Anlerndaten (35).jpg,0,0,1
373,373,/cluttered/Anlerndaten (391).jpg,0,0,3
1695,1695,/presorted/trial (992).jpg,1,0,1
800,800,/presorted/trial (186).jpg,0,0,0
807,807,/cluttered/Anlerndaten (782).jpg,0,0,1
111,111,/cluttered/Anlerndaten (155).jpg,0,0,1
199,199,/cluttered/Anlerndaten (234).jpg,0,0,0
1045,1045,/presorted/trial (406).jpg,0,0,1
1257,1257,/presorted/trial (598).jpg,0,0,1
1080,1080,/presorted/trial (438).jpg,0,0,1
798,798,/presorted/trial (184).jpg,0,0,1
720,720,/cluttered/Anlerndaten (703).jpg,0,0,1
60,60,/cluttered/Anlerndaten (109).jpg,0,0,3
987,987,/presorted/trial (354).jpg,0,0,0
95,95,/presorted/trial (1084).jpg,1,0,1
650,650,/presorted/trial (1584).jpg,0,0,0
1690,1690,/presorted/trial (988).jpg,1,0,1
1666,1666,/presorted/trial (966).jpg,0,0,1
1049,1049,/presorted/trial (41).jpg,0,0,1
907,907,/presorted/trial (282).jpg,0,0,1
140,140,/presorted/trial (1124).jpg,0,0,0
1040,1040,/cluttered/Anlerndaten (992).jpg,0,0,1
425,425,/cluttered/Anlerndaten (438).jpg,0,0,1
604,604,/presorted/trial (1542).jpg,0,0,1
67,67,/cluttered/Anlerndaten (115).jpg,1,0,2
1378,1378,/presorted/trial (706).jpg,0,0,1
481,481,/cluttered/Anlerndaten (489).jpg,1,0,1
133,133,/presorted/trial (1118).jpg,0,0,2
164,164,/cluttered/Anlerndaten (202).jpg,0,0,3
408,408,/cluttered/Anlerndaten (422).jpg,0,0,1
1030,1030,/cluttered/Anlerndaten (983).jpg,0,0,4
531,531,/presorted/trial (1477).jpg,0,0,0
358,358,/cluttered/Anlerndaten (378).jpg,0,0,2
1373,1373,/presorted/trial (701).jpg,1,0,1
1156,1156,/presorted/trial (506).jpg,0,0,1
820,820,/cluttered/Anlerndaten (794).jpg,0,0,0
1076,1076,/presorted/trial (434).jpg,1,0,2
66,66,/presorted/trial (1058).jpg,0,0,1
259,259,/cluttered/Anlerndaten (289).jpg,0,0,1
691,691,/presorted/trial (1620).jpg,0,0,1
1577,1577,/presorted/trial (886).jpg,0,0,1
1500,1500,/presorted/trial (816).jpg,1,0,2
1412,1412,/presorted/trial (737).jpg,0,0,2
1399,1399,/presorted/trial (725).jpg,0,0,1
1007,1007,/presorted/trial (372).jpg,0,0,1
1216,1216,/presorted/trial (560).jpg,0,0,0
44,44,/cluttered/Anlerndaten (1038).jpg,0,0,1
762,762,/presorted/trial (1685).jpg,0,0,0
115,115,/cluttered/Anlerndaten (159).jpg,0,0,1
1339,1339,/presorted/trial (671).jpg,0,0,1
251,251,/presorted/trial (1224).jpg,0,0,1
890,890,/cluttered/Anlerndaten (857).jpg,1,0,3
1164,1164,/presorted/trial (513).jpg,0,0,1
574,574,/cluttered/Anlerndaten (572).jpg,0,0,3
370,370,/presorted/trial (1331).jpg,1,0,1
1478,1478,/presorted/trial (797).jpg,0,0,1
482,482,/cluttered/Anlerndaten (49).jpg,0,0,0
376,376,/presorted/trial (1337).jpg,0,0,1
1569,1569,/presorted/trial (879).jpg,0,0,1
458,458,/presorted/trial (1410).jpg,0,0,1
598,598,/cluttered/Anlerndaten (594).jpg,0,0,1
895,895,/presorted/trial (271).jpg,0,0,1
1145,1145,/presorted/trial (497).jpg,0,0,1
374,374,/cluttered/Anlerndaten (392).jpg,0,0,2
842,842,/cluttered/Anlerndaten (813).jpg,0,0,1
315,315,/presorted/trial (1282).jpg,1,0,2
1024,1024,/cluttered/Anlerndaten (978).jpg,1,0,2
616,616,/cluttered/Anlerndaten (61).jpg,0,0,3
585,585,/cluttered/Anlerndaten (582).jpg,0,0,2
1658,1658,/presorted/trial (959).jpg,0,0,1
101,101,/cluttered/Anlerndaten (146).jpg,0,0,3
886,886,/presorted/trial (263).jpg,0,0,1
1368,1368,/presorted/trial (698).jpg,0,0,1
35,35,/cluttered/Anlerndaten (103).jpg,0,0,2
749,749,/cluttered/Anlerndaten (73).jpg,1,0,2
1697,1697,/presorted/trial (994).jpg,1,0,1
780,780,/presorted/trial (1700).jpg,0,0,0
923,923,/cluttered/Anlerndaten (887).jpg,0,0,1
555,555,/cluttered/Anlerndaten (555).jpg,0,0,1
517,517,/cluttered/Anlerndaten (520).jpg,0,0,2
1654,1654,/presorted/trial (955).jpg,0,0,1
1598,1598,/presorted/trial (904).jpg,0,0,1
437,437,/cluttered/Anlerndaten (449).jpg,0,0,1
463,463,/cluttered/Anlerndaten (472).jpg,0,0,2
188,188,/cluttered/Anlerndaten (224).jpg,0,0,1
515,515,/presorted/trial (1462).jpg,0,0,0
741,741,/presorted/trial (1666).jpg,0,0,1
537,537,/presorted/trial (1482).jpg,0,0,0
833,833,/cluttered/Anlerndaten (805).jpg,0,0,1
1118,1118,/presorted/trial (472).jpg,0,0,1
1701,1701,/presorted/trial (998).jpg,0,0,0
1413,1413,/presorted/trial (738).jpg,0,0,0
1245,1245,/presorted/trial (587).jpg,0,0,2
1460,1460,/presorted/trial (780).jpg,0,0,1
1103,1103,/presorted/trial (459).jpg,0,0,1
393,393,/presorted/trial (1352).jpg,0,0,1
11,11,/cluttered/Anlerndaten (1008).jpg,0,0,1
170,170,/cluttered/Anlerndaten (208).jpg,0,0,1
529,529,/cluttered/Anlerndaten (531).jpg,0,0,3
344,344,/cluttered/Anlerndaten (365).jpg,0,0,2
530,530,/cluttered/Anlerndaten (532).jpg,1,0,1
151,151,/presorted/trial (1134).jpg,0,0,1
504,504,/presorted/trial (1452).jpg,0,0,0
735,735,/presorted/trial (1660).jpg,0,0,1
108,108,/cluttered/Anlerndaten (152).jpg,0,0,2
1159,1159,/presorted/trial (509).jpg,0,0,1
297,297,/cluttered/Anlerndaten (322).jpg,0,0,2
57,57,/presorted/trial (105).jpg,0,0,1
607,607,/presorted/trial (1545).jpg,0,0,1
155,155,/presorted/trial (1138).jpg,0,0,1
1456,1456,/presorted/trial (777).jpg,0,0,1
912,912,/cluttered/Anlerndaten (877).jpg,0,0,1
714,714,/cluttered/Anlerndaten (699).jpg,0,0,2
494,494,/cluttered/Anlerndaten (50).jpg,0,0,1
828,828,/presorted/trial (210).jpg,0,0,1
727,727,/cluttered/Anlerndaten (71).jpg,0,0,1
852,852,/presorted/trial (232).jpg,0,0,1
1060,1060,/presorted/trial (42).jpg,0,0,0
485,485,/presorted/trial (1435).jpg,0,0,0
461,461,/cluttered/Anlerndaten (470).jpg,0,0,1
462,462,/cluttered/Anlerndaten (471).jpg,0,0,1
1279,1279,/presorted/trial (617).jpg,0,0,1
99,99,/cluttered/Anlerndaten (144).jpg,0,0,2
63,63,/presorted/trial (1055).jpg,0,0,1
184,184,/presorted/trial (1164).jpg,0,0,1
573,573,/cluttered/Anlerndaten (571).jpg,0,0,1
234,234,/cluttered/Anlerndaten (266).jpg,1,0,2
1455,1455,/presorted/trial (776).jpg,1,0,2
166,166,/cluttered/Anlerndaten (204).jpg,0,0,2
775,775,/presorted/trial (1697).jpg,0,0,1
925,925,/presorted/trial (299).jpg,0,0,1
338,338,/cluttered/Anlerndaten (36).jpg,0,0,3
143,143,/presorted/trial (1127).jpg,0,0,1
1228,1228,/presorted/trial (571).jpg,0,0,1
858,858,/presorted/trial (238).jpg,0,0,0
875,875,/presorted/trial (253).jpg,0,0,1
827,827,/cluttered/Anlerndaten (80).jpg,0,0,1
991,991,/presorted/trial (358).jpg,0,0,1
180,180,/cluttered/Anlerndaten (217).jpg,0,0,2
175,175,/presorted/trial (1156).jpg,0,0,1
972,972,/cluttered/Anlerndaten (930).jpg,0,0,1
457,457,/cluttered/Anlerndaten (467).jpg,0,0,0
566,566,/cluttered/Anlerndaten (565).jpg,0,0,1
750,750,/cluttered/Anlerndaten (730).jpg,0,0,4
1252,1252,/presorted/trial (593).jpg,0,0,1
73,73,/cluttered/Anlerndaten (120).jpg,0,0,0
5,5,/presorted/trial (1002).jpg,0,0,0
639,639,/cluttered/Anlerndaten (630).jpg,0,0,1
161,161,/presorted/trial (1143).jpg,0,0,1
226,226,/presorted/trial (1201).jpg,1,0,2
657,657,/cluttered/Anlerndaten (647).jpg,0,0,1
743,743,/cluttered/Anlerndaten (724).jpg,0,0,2
153,153,/cluttered/Anlerndaten (193).jpg,0,0,1
313,313,/cluttered/Anlerndaten (337).jpg,0,0,2
189,189,/presorted/trial (1169).jpg,1,0,2
345,345,/presorted/trial (1309).jpg,0,0,0
1596,1596,/presorted/trial (902).jpg,0,0,1
1404,1404,/presorted/trial (73).jpg,0,0,0
263,263,/cluttered/Anlerndaten (292).jpg,0,0,1
939,939,/cluttered/Anlerndaten (900).jpg,0,0,1
491,491,/presorted/trial (1440).jpg,0,0,0
0,0,/presorted/trial (1).jpg,0,0,1
1046,1046,/cluttered/Anlerndaten (998).jpg,0,0,0
250,250,/presorted/trial (1223).jpg,1,0,1
882,882,/presorted/trial (26).jpg,0,0,1
89,89,/cluttered/Anlerndaten (135).jpg,0,0,1
1064,1064,/presorted/trial (423).jpg,0,0,1
1494,1494,/presorted/trial (810).jpg,0,0,1
1229,1229,/presorted/trial (572).jpg,0,0,1
761,761,/presorted/trial (1684).jpg,0,0,1
328,328,/presorted/trial (1294).jpg,0,0,0
446,446,/cluttered/Anlerndaten (457).jpg,0,0,1
1183,1183,/presorted/trial (530).jpg,0,0,1
1172,1172,/presorted/trial (520).jpg,0,0,2
976,976,/cluttered/Anlerndaten (934).jpg,0,0,1
812,812,/cluttered/Anlerndaten (787).jpg,0,0,2
708,708,/cluttered/Anlerndaten (693).jpg,1,0,2
753,753,/presorted/trial (1677).jpg,0,0,1
719,719,/cluttered/Anlerndaten (702).jpg,0,0,1
1219,1219,/presorted/trial (563).jpg,0,0,1
508,508,/cluttered/Anlerndaten (512).jpg,1,0,2
276,276,/presorted/trial (1247).jpg,1,0,1
55,55,/presorted/trial (1048).jpg,0,0,1
885,885,/cluttered/Anlerndaten (852).jpg,1,0,2
935,935,/presorted/trial (307).jpg,0,0,1
507,507,/cluttered/Anlerndaten (511).jpg,0,0,0
781,781,/cluttered/Anlerndaten (759).jpg,0,0,1
770,770,/presorted/trial (1692).jpg,0,0,1
862,862,/presorted/trial (241).jpg,0,0,1
1538,1538,/presorted/trial (850).jpg,0,0,1
638,638,/presorted/trial (1573).jpg,0,0,0
110,110,/presorted/trial (1098).jpg,0,0,1
1677,1677,/presorted/trial (976).jpg,0,0,1
675,675,/presorted/trial (1606).jpg,0,0,1
693,693,/cluttered/Anlerndaten (68).jpg,1,0,2
1259,1259,/presorted/trial (6).jpg,1,0,1
1583,1583,/presorted/trial (891).jpg,0,0,1
663,663,/cluttered/Anlerndaten (652).jpg,0,0,1
839,839,/cluttered/Anlerndaten (810).jpg,0,0,1
519,519,/cluttered/Anlerndaten (522).jpg,0,0,3
228,228,/presorted/trial (1203).jpg,0,0,1
1040,1040,/presorted/trial (401).jpg,0,0,1
58,58,/presorted/trial (1050).jpg,0,0,1
1489,1489,/presorted/trial (806).jpg,0,0,1
187,187,/cluttered/Anlerndaten (223).jpg,0,0,1
1573,1573,/presorted/trial (882).jpg,0,0,0
655,655,/cluttered/Anlerndaten (645).jpg,0,0,1
1033,1033,/presorted/trial (396).jpg,0,0,1
1253,1253,/presorted/trial (594).jpg,0,0,1
1195,1195,/presorted/trial (541).jpg,0,0,1
357,357,/cluttered/Anlerndaten (377).jpg,0,0,1
551,551,/cluttered/Anlerndaten (551).jpg,0,0,1
268,268,/cluttered/Anlerndaten (297).jpg,1,0,3
134,134,/cluttered/Anlerndaten (176).jpg,0,0,1
351,351,/presorted/trial (1314).jpg,1,0,2
113,113,/cluttered/Anlerndaten (157).jpg,0,0,1
676,676,/cluttered/Anlerndaten (664).jpg,0,0,0
95,95,/cluttered/Anlerndaten (140).jpg,0,0,2
97,97,/cluttered/Anlerndaten (142).jpg,0,0,1
1155,1155,/presorted/trial (505).jpg,0,0,1
352,352,/cluttered/Anlerndaten (372).jpg,0,0,1
1062,1062,/presorted/trial (421).jpg,0,0,1
917,917,/cluttered/Anlerndaten (881).jpg,0,0,0
546,546,/cluttered/Anlerndaten (547).jpg,0,0,1
821,821,/cluttered/Anlerndaten (795).jpg,1,0,2
1488,1488,/presorted/trial (805).jpg,0,0,1
978,978,/presorted/trial (346).jpg,0,0,1
618,618,/presorted/trial (1555).jpg,0,0,0
334,334,/presorted/trial (13).jpg,0,0,1
686,686,/presorted/trial (1616).jpg,0,0,1
285,285,/presorted/trial (1255).jpg,1,0,2
293,293,/presorted/trial (1262).jpg,0,0,1
847,847,/presorted/trial (228).jpg,0,0,1
548,548,/presorted/trial (1492).jpg,0,0,1
1067,1067,/presorted/trial (426).jpg,0,0,0
915,915,/cluttered/Anlerndaten (88).jpg,0,0,2
1282,1282,/presorted/trial (62).jpg,0,0,1
518,518,/cluttered/Anlerndaten (521).jpg,0,0,3
1012,1012,/presorted/trial (377).jpg,0,0,1
1678,1678,/presorted/trial (977).jpg,1,0,1
991,991,/cluttered/Anlerndaten (948).jpg,0,0,0
936,936,/cluttered/Anlerndaten (899).jpg,0,0,3
117,117,/cluttered/Anlerndaten (160).jpg,0,0,1
787,787,/cluttered/Anlerndaten (764).jpg,1,0,1
1184,1184,/presorted/trial (531).jpg,0,0,1
1258,1258,/presorted/trial (599).jpg,0,0,1
745,745,/presorted/trial (167).jpg,0,0,2
1472,1472,/presorted/trial (791).jpg,0,0,1
1084,1084,/presorted/trial (441).jpg,0,0,0
111,111,/presorted/trial (1099).jpg,0,0,1
252,252,/cluttered/Anlerndaten (282).jpg,0,0,2
258,258,/cluttered/Anlerndaten (288).jpg,0,0,1
1189,1189,/presorted/trial (536).jpg,0,0,0
325,325,/presorted/trial (1291).jpg,0,0,0
868,868,/presorted/trial (247).jpg,0,0,1
1657,1657,/presorted/trial (958).jpg,0,0,1
61,61,/presorted/trial (1053).jpg,0,0,1
1445,1445,/presorted/trial (767).jpg,1,0,2
190,190,/cluttered/Anlerndaten (226).jpg,0,0,3
1011,1011,/presorted/trial (376).jpg,0,0,1
1025,1025,/presorted/trial (389).jpg,0,0,2
130,130,/cluttered/Anlerndaten (172).jpg,0,0,1
31,31,/cluttered/Anlerndaten (1026).jpg,0,0,1
272,272,/presorted/trial (1243).jpg,0,0,1
586,586,/cluttered/Anlerndaten (583).jpg,0,0,1
454,454,/cluttered/Anlerndaten (464).jpg,0,0,3
902,902,/presorted/trial (278).jpg,0,0,1
1402,1402,/presorted/trial (728).jpg,0,0,1
793,793,/cluttered/Anlerndaten (77).jpg,0,0,1
365,365,/cluttered/Anlerndaten (384).jpg,0,0,2
814,814,/presorted/trial (199).jpg,0,0,1
135,135,/presorted/trial (112).jpg,0,0,1
407,407,/cluttered/Anlerndaten (421).jpg,0,0,1
611,611,/presorted/trial (1549).jpg,0,0,0
1430,1430,/presorted/trial (753).jpg,0,0,0
524,524,/presorted/trial (1470).jpg,0,0,1
435,435,/cluttered/Anlerndaten (447).jpg,0,0,2
489,489,/cluttered/Anlerndaten (496).jpg,0,0,1
1546,1546,/presorted/trial (858).jpg,1,0,1
525,525,/cluttered/Anlerndaten (528).jpg,1,0,2
544,544,/cluttered/Anlerndaten (545).jpg,0,0,1
792,792,/presorted/trial (179).jpg,0,0,1
1584,1584,/presorted/trial (892).jpg,1,0,2
884,884,/presorted/trial (261).jpg,0,0,1
1214,1214,/presorted/trial (559).jpg,1,0,2
411,411,/cluttered/Anlerndaten (425).jpg,0,0,1
1482,1482,/presorted/trial (80).jpg,0,0,1
757,757,/presorted/trial (1680).jpg,0,0,1
337,337,/cluttered/Anlerndaten (359).jpg,0,0,1
799,799,/presorted/trial (185).jpg,0,0,1
561,561,/presorted/trial (1503).jpg,0,0,1
1548,1548,/presorted/trial (86).jpg,0,0,1
1333,1333,/presorted/trial (666).jpg,0,0,1
445,445,/presorted/trial (14).jpg,0,0,1
451,451,/presorted/trial (1404).jpg,0,0,1
32,32,/presorted/trial (1027).jpg,0,0,1
401,401,/presorted/trial (136).jpg,0,0,1
247,247,/presorted/trial (1220).jpg,0,0,1
1391,1391,/presorted/trial (718).jpg,0,0,1
572,572,/presorted/trial (1513).jpg,0,0,1
937,937,/presorted/trial (309).jpg,0,0,1
31,31,/presorted/trial (1026).jpg,1,0,2
1669,1669,/presorted/trial (969).jpg,0,0,0
412,412,/cluttered/Anlerndaten (426).jpg,0,0,1
469,469,/cluttered/Anlerndaten (478).jpg,0,0,1
1191,1191,/presorted/trial (538).jpg,0,0,1
811,811,/cluttered/Anlerndaten (786).jpg,0,0,1
490,490,/presorted/trial (144).jpg,0,0,1
706,706,/cluttered/Anlerndaten (691).jpg,0,0,1
373,373,/presorted/trial (1334).jpg,0,0,1
1036,1036,/cluttered/Anlerndaten (989).jpg,0,0,1
695,695,/cluttered/Anlerndaten (681).jpg,0,0,1
1066,1066,/presorted/trial (425).jpg,0,0,1
898,898,/cluttered/Anlerndaten (864).jpg,0,0,0
1263,1263,/presorted/trial (602).jpg,0,0,1
725,725,/presorted/trial (1651).jpg,0,0,1
231,231,/cluttered/Anlerndaten (263).jpg,0,0,2
480,480,/presorted/trial (1430).jpg,0,0,1
858,858,/cluttered/Anlerndaten (828).jpg,0,0,1
657,657,/presorted/trial (1590).jpg,0,0,0
1018,1018,/cluttered/Anlerndaten (972).jpg,0,0,1
1473,1473,/presorted/trial (792).jpg,0,0,1
57,57,/cluttered/Anlerndaten (106).jpg,0,0,2
455,455,/cluttered/Anlerndaten (465).jpg,0,0,3
521,521,/presorted/trial (1468).jpg,1,0,2
50,50,/presorted/trial (1043).jpg,0,0,1
4,4,/cluttered/Anlerndaten (1001).jpg,0,0,1
980,980,/presorted/trial (348).jpg,0,0,1
1226,1226,/presorted/trial (57).jpg,0,0,0
554,554,/presorted/trial (1498).jpg,1,0,2
849,849,/cluttered/Anlerndaten (82).jpg,0,0,1
93,93,/cluttered/Anlerndaten (139).jpg,0,0,2
189,189,/cluttered/Anlerndaten (225).jpg,0,0,1
470,470,/cluttered/Anlerndaten (479).jpg,0,0,1
1201,1201,/presorted/trial (547).jpg,0,0,1
1092,1092,/presorted/trial (449).jpg,0,0,1
179,179,/presorted/trial (116).jpg,0,0,1
824,824,/cluttered/Anlerndaten (798).jpg,0,0,0
1328,1328,/presorted/trial (661).jpg,0,0,1
271,271,/cluttered/Anlerndaten (3).jpg,0,0,1
753,753,/cluttered/Anlerndaten (733).jpg,1,0,3
1236,1236,/presorted/trial (579).jpg,0,0,0
386,386,/cluttered/Anlerndaten (402).jpg,0,0,4
121,121,/presorted/trial (1107).jpg,0,0,0
1265,1265,/presorted/trial (604).jpg,0,0,1
835,835,/cluttered/Anlerndaten (807).jpg,0,0,1
116,116,/cluttered/Anlerndaten (16).jpg,0,0,1
798,798,/cluttered/Anlerndaten (774).jpg,0,0,1
1694,1694,/presorted/trial (991).jpg,0,0,1
785,785,/presorted/trial (172).jpg,0,0,1
1010,1010,/presorted/trial (375).jpg,0,0,1
288,288,/cluttered/Anlerndaten (314).jpg,0,0,2
486,486,/presorted/trial (1436).jpg,0,0,2
662,662,/presorted/trial (1595).jpg,0,0,0
610,610,/cluttered/Anlerndaten (604).jpg,1,1,1
70,70,/presorted/trial (1061).jpg,1,0,2
684,684,/presorted/trial (1614).jpg,0,0,1
322,322,/presorted/trial (1289).jpg,0,0,1
453,453,/presorted/trial (1406).jpg,0,0,1
1284,1284,/presorted/trial (621).jpg,0,0,1
37,37,/cluttered/Anlerndaten (1031).jpg,0,0,1
398,398,/cluttered/Anlerndaten (413).jpg,0,0,2
666,666,/cluttered/Anlerndaten (655).jpg,0,0,1
587,587,/cluttered/Anlerndaten (584).jpg,0,0,1
1173,1173,/presorted/trial (521).jpg,0,0,1
1116,1116,/presorted/trial (470).jpg,0,0,1
583,583,/presorted/trial (1523).jpg,0,0,0
1423,1423,/presorted/trial (747).jpg,0,0,1
516,516,/presorted/trial (1463).jpg,0,0,1
730,730,/presorted/trial (1656).jpg,0,0,1
919,919,/presorted/trial (293).jpg,0,0,1
1140,1140,/presorted/trial (492).jpg,0,0,1
1160,1160,/presorted/trial (51).jpg,0,0,1
336,336,/cluttered/Anlerndaten (358).jpg,0,0,2
1168,1168,/presorted/trial (517).jpg,0,0,1
626,626,/presorted/trial (1562).jpg,0,0,0
549,549,/cluttered/Anlerndaten (55).jpg,0,0,1
275,275,/cluttered/Anlerndaten (302).jpg,0,0,3
624,624,/cluttered/Anlerndaten (617).jpg,0,0,1
718,718,/presorted/trial (1645).jpg,0,0,1
870,870,/cluttered/Anlerndaten (839).jpg,0,0,0
1358,1358,/presorted/trial (689).jpg,0,0,1
589,589,/cluttered/Anlerndaten (586).jpg,0,0,1
1329,1329,/presorted/trial (662).jpg,0,0,1
131,131,/presorted/trial (1116).jpg,0,0,1
851,851,/presorted/trial (231).jpg,0,0,1
264,264,/presorted/trial (1236).jpg,0,0,0
520,520,/cluttered/Anlerndaten (523).jpg,0,0,2
1017,1017,/cluttered/Anlerndaten (971).jpg,0,0,0
18,18,/cluttered/Anlerndaten (1014).jpg,0,0,1
114,114,/presorted/trial (1100).jpg,0,0,1
1113,1113,/presorted/trial (468).jpg,0,0,1
930,930,/presorted/trial (302).jpg,0,0,0
491,491,/cluttered/Anlerndaten (498).jpg,0,0,1
627,627,/cluttered/Anlerndaten (62).jpg,0,0,1
888,888,/cluttered/Anlerndaten (855).jpg,0,0,1
406,406,/cluttered/Anlerndaten (420).jpg,0,0,0
514,514,/presorted/trial (1461).jpg,0,0,1
25,25,/cluttered/Anlerndaten (1020).jpg,0,0,0
593,593,/presorted/trial (1532).jpg,0,0,0
91,91,/presorted/trial (1080).jpg,0,0,1
506,506,/cluttered/Anlerndaten (510).jpg,0,0,1
1509,1509,/presorted/trial (824).jpg,0,0,1
399,399,/presorted/trial (1358).jpg,1,0,2
375,375,/presorted/trial (1336).jpg,0,0,0
182,182,/cluttered/Anlerndaten (219).jpg,0,0,1
488,488,/cluttered/Anlerndaten (495).jpg,0,0,1
278,278,/presorted/trial (1249).jpg,1,0,2
628,628,/presorted/trial (1564).jpg,0,0,0
1602,1602,/presorted/trial (908).jpg,0,0,1
203,203,/cluttered/Anlerndaten (238).jpg,0,0,1
758,758,/cluttered/Anlerndaten (738).jpg,1,0,2
615,615,/presorted/trial (1552).jpg,0,0,0
207,207,/cluttered/Anlerndaten (241).jpg,0,0,1
1647,1647,/presorted/trial (949).jpg,0,0,1
968,968,/presorted/trial (337).jpg,0,0,0
568,568,/presorted/trial (151).jpg,0,0,1
1600,1600,/presorted/trial (906).jpg,0,0,1
781,781,/presorted/trial (1701).jpg,0,0,0
822,822,/presorted/trial (205).jpg,1,0,1
782,782,/cluttered/Anlerndaten (76).jpg,0,0,1
337,337,/presorted/trial (1301).jpg,0,0,1
849,849,/presorted/trial (23).jpg,0,0,1
193,193,/presorted/trial (1172).jpg,0,0,1
252,252,/presorted/trial (1225).jpg,0,0,1
48,48,/presorted/trial (1041).jpg,1,1,1
43,43,/cluttered/Anlerndaten (1037).jpg,0,0,2
404,404,/presorted/trial (1362).jpg,0,0,1
1428,1428,/presorted/trial (751).jpg,0,0,1
1020,1020,/presorted/trial (384).jpg,0,0,1
169,169,/cluttered/Anlerndaten (207).jpg,1,0,2
1019,1019,/presorted/trial (383).jpg,0,0,1
578,578,/presorted/trial (1519).jpg,0,0,1
10,10,/presorted/trial (1007).jpg,0,0,1
162,162,/presorted/trial (1144).jpg,0,0,1
682,682,/presorted/trial (1612).jpg,0,0,1
1283,1283,/presorted/trial (620).jpg,0,0,1
1176,1176,/presorted/trial (524).jpg,0,0,1
582,582,/cluttered/Anlerndaten (58).jpg,0,0,1
289,289,/cluttered/Anlerndaten (315).jpg,0,0,1
1302,1302,/presorted/trial (638).jpg,0,0,1
173,173,/presorted/trial (1154).jpg,1,0,2
184,184,/cluttered/Anlerndaten (220).jpg,0,0,1
629,629,/presorted/trial (1565).jpg,0,0,0
631,631,/cluttered/Anlerndaten (623).jpg,0,0,1
25,25,/presorted/trial (1020).jpg,0,0,1
368,368,/cluttered/Anlerndaten (387).jpg,1,0,3
870,870,/presorted/trial (249).jpg,0,0,1
893,893,/presorted/trial (27).jpg,0,0,1
565,565,/cluttered/Anlerndaten (564).jpg,0,0,1
795,795,/cluttered/Anlerndaten (771).jpg,0,0,1
834,834,/presorted/trial (216).jpg,0,0,1
1293,1293,/presorted/trial (63).jpg,0,0,1
1021,1021,/cluttered/Anlerndaten (975).jpg,0,0,1
349,349,/presorted/trial (1312).jpg,0,0,1
819,819,/cluttered/Anlerndaten (793).jpg,0,0,2
404,404,/cluttered/Anlerndaten (419).jpg,0,0,1
1002,1002,/cluttered/Anlerndaten (958).jpg,0,0,1
632,632,/presorted/trial (1568).jpg,0,0,1
1539,1539,/presorted/trial (851).jpg,0,0,1
1292,1292,/presorted/trial (629).jpg,0,0,0
897,897,/cluttered/Anlerndaten (863).jpg,0,0,1
769,769,/presorted/trial (1691).jpg,1,0,2
539,539,/presorted/trial (1484).jpg,0,0,0
609,609,/presorted/trial (1547).jpg,0,0,0
1627,1627,/presorted/trial (930).jpg,1,0,1
247,247,/cluttered/Anlerndaten (278).jpg,0,0,1
1337,1337,/presorted/trial (67).jpg,0,0,1
233,233,/cluttered/Anlerndaten (265).jpg,0,0,1
210,210,/cluttered/Anlerndaten (244).jpg,0,0,3
98,98,/cluttered/Anlerndaten (143).jpg,0,0,0
763,763,/presorted/trial (1686).jpg,0,0,1
830,830,/cluttered/Anlerndaten (802).jpg,0,0,1
299,299,/cluttered/Anlerndaten (324).jpg,0,0,1
326,326,/presorted/trial (1292).jpg,0,0,0
572,572,/cluttered/Anlerndaten (570).jpg,1,0,2
1471,1471,/presorted/trial (790).jpg,0,0,0
1594,1594,/presorted/trial (900).jpg,0,0,1
444,444,/cluttered/Anlerndaten (455).jpg,1,0,2
1178,1178,/presorted/trial (526).jpg,0,0,1
1348,1348,/presorted/trial (68).jpg,1,0,2
1425,1425,/presorted/trial (749).jpg,0,0,1
962,962,/presorted/trial (331).jpg,0,0,1
163,163,/presorted/trial (1145).jpg,0,0,1
698,698,/cluttered/Anlerndaten (684).jpg,0,0,1
1260,1260,/presorted/trial (60).jpg,1,0,2
547,547,/cluttered/Anlerndaten (548).jpg,0,0,2
1449,1449,/presorted/trial (770).jpg,0,0,1
998,998,/presorted/trial (364).jpg,0,0,1
815,815,/cluttered/Anlerndaten (79).jpg,0,0,1
770,770,/cluttered/Anlerndaten (749).jpg,0,0,1
1048,1048,/presorted/trial (409).jpg,0,0,1
1410,1410,/presorted/trial (735).jpg,0,0,1
502,502,/presorted/trial (1450).jpg,0,0,1
558,558,/cluttered/Anlerndaten (558).jpg,0,0,1
1149,1149,/presorted/trial (50).jpg,0,0,1
228,228,/cluttered/Anlerndaten (260).jpg,0,0,1
879,879,/presorted/trial (257).jpg,0,0,0
747,747,/cluttered/Anlerndaten (728).jpg,0,0,1
773,773,/presorted/trial (1695).jpg,0,0,0
1451,1451,/presorted/trial (772).jpg,0,0,1
1221,1221,/presorted/trial (565).jpg,0,0,1
809,809,/cluttered/Anlerndaten (784).jpg,0,0,3
1572,1572,/presorted/trial (881).jpg,0,0,1
427,427,/cluttered/Anlerndaten (44).jpg,0,0,1
338,338,/presorted/trial (1302).jpg,1,0,1
978,978,/cluttered/Anlerndaten (936).jpg,0,0,0
924,924,/cluttered/Anlerndaten (888).jpg,0,0,1
1560,1560,/presorted/trial (870).jpg,0,0,1
229,229,/cluttered/Anlerndaten (261).jpg,0,0,1
470,470,/presorted/trial (1421).jpg,0,0,0
882,882,/cluttered/Anlerndaten (85).jpg,1,0,3
1041,1041,/presorted/trial (402).jpg,0,0,1
634,634,/presorted/trial (157).jpg,0,0,1
1038,1038,/cluttered/Anlerndaten (990).jpg,0,0,0
240,240,/cluttered/Anlerndaten (271).jpg,0,0,1
1073,1073,/presorted/trial (431).jpg,0,0,1
724,724,/cluttered/Anlerndaten (707).jpg,0,0,2
522,522,/cluttered/Anlerndaten (525).jpg,0,0,1
1193,1193,/presorted/trial (54).jpg,0,0,1
235,235,/cluttered/Anlerndaten (267).jpg,0,0,1
73,73,/presorted/trial (1064).jpg,0,0,1
59,59,/presorted/trial (1051).jpg,0,0,1
822,822,/cluttered/Anlerndaten (796).jpg,1,0,1
1574,1574,/presorted/trial (883).jpg,0,0,1
1266,1266,/presorted/trial (605).jpg,0,0,0
1431,1431,/presorted/trial (754).jpg,0,0,1
37,37,/presorted/trial (1031).jpg,0,0,1
906,906,/presorted/trial (281).jpg,0,0,1
821,821,/presorted/trial (204).jpg,0,0,1
1238,1238,/presorted/trial (580).jpg,0,0,1
800,800,/cluttered/Anlerndaten (776).jpg,1,0,1
984,984,/presorted/trial (351).jpg,0,0,1
195,195,/presorted/trial (1174).jpg,0,0,0
846,846,/presorted/trial (227).jpg,0,0,1
739,739,/cluttered/Anlerndaten (720).jpg,1,0,3
1345,1345,/presorted/trial (677).jpg,0,0,1
1323,1323,/presorted/trial (657).jpg,0,0,1
218,218,/presorted/trial (1195).jpg,0,0,0
565,565,/presorted/trial (1507).jpg,0,0,1
123,123,/presorted/trial (1109).jpg,0,0,1
745,745,/cluttered/Anlerndaten (726).jpg,0,0,1
966,966,/cluttered/Anlerndaten (925).jpg,0,0,2
527,527,/presorted/trial (1473).jpg,0,0,1
721,721,/presorted/trial (1648).jpg,0,0,1
694,694,/presorted/trial (1623).jpg,0,0,1
1098,1098,/presorted/trial (454).jpg,0,0,1
1093,1093,/presorted/trial (45).jpg,0,0,1
1291,1291,/presorted/trial (628).jpg,0,0,1
904,904,/presorted/trial (28).jpg,0,0,1
120,120,/presorted/trial (1106).jpg,0,0,1
903,903,/cluttered/Anlerndaten (869).jpg,0,0,3
963,963,/cluttered/Anlerndaten (922).jpg,0,0,2
102,102,/cluttered/Anlerndaten (147).jpg,0,0,1
299,299,/presorted/trial (1268).jpg,1,1,1
837,837,/presorted/trial (219).jpg,0,0,0
611,611,/cluttered/Anlerndaten (605).jpg,1,0,2
7,7,/cluttered/Anlerndaten (1004).jpg,1,0,2
49,49,/presorted/trial (1042).jpg,0,0,1
881,881,/cluttered/Anlerndaten (849).jpg,0,0,1
456,456,/cluttered/Anlerndaten (466).jpg,0,0,1
382,382,/presorted/trial (1342).jpg,0,0,0
836,836,/presorted/trial (218).jpg,0,0,1
670,670,/cluttered/Anlerndaten (659).jpg,0,0,1
1222,1222,/presorted/trial (566).jpg,0,0,1
1053,1053,/presorted/trial (413).jpg,0,0,1
835,835,/presorted/trial (217).jpg,0,0,0
788,788,/cluttered/Anlerndaten (765).jpg,0,0,0
1039,1039,/presorted/trial (400).jpg,0,0,1
436,436,/presorted/trial (1391).jpg,0,0,0
786,786,/presorted/trial (173).jpg,0,0,1
632,632,/cluttered/Anlerndaten (624).jpg,1,0,1
988,988,/cluttered/Anlerndaten (945).jpg,1,0,2
1208,1208,/presorted/trial (553).jpg,0,0,0
951,951,/presorted/trial (321).jpg,0,0,1
458,458,/cluttered/Anlerndaten (468).jpg,0,0,1
1615,1615,/presorted/trial (92).jpg,0,0,1
387,387,/presorted/trial (1347).jpg,1,0,2
605,605,/presorted/trial (1543).jpg,0,0,0
367,367,/cluttered/Anlerndaten (386).jpg,0,0,1
137,137,/presorted/trial (1121).jpg,0,0,1
945,945,/cluttered/Anlerndaten (906).jpg,0,0,0
44,44,/presorted/trial (1038).jpg,0,0,1
282,282,/cluttered/Anlerndaten (309).jpg,0,0,2
216,216,/cluttered/Anlerndaten (25).jpg,0,0,1
776,776,/presorted/trial (1698).jpg,0,0,1
1532,1532,/presorted/trial (845).jpg,0,0,1
1169,1169,/presorted/trial (518).jpg,0,0,1
909,909,/presorted/trial (284).jpg,0,0,1
536,536,/presorted/trial (1481).jpg,0,0,0
199,199,/presorted/trial (1178).jpg,0,0,1
142,142,/cluttered/Anlerndaten (183).jpg,1,0,3
1655,1655,/presorted/trial (956).jpg,0,0,1
93,93,/presorted/trial (1082).jpg,0,0,0
525,525,/presorted/trial (1471).jpg,1,0,1
927,927,/presorted/trial (30).jpg,0,0,1
353,353,/cluttered/Anlerndaten (373).jpg,0,0,1
167,167,/presorted/trial (1149).jpg,0,0,0
949,949,/presorted/trial (32).jpg,0,0,2
177,177,/cluttered/Anlerndaten (214).jpg,0,0,2
873,873,/cluttered/Anlerndaten (841).jpg,0,0,0
697,697,/presorted/trial (1626).jpg,0,0,1
777,777,/presorted/trial (1699).jpg,0,0,1
878,878,/cluttered/Anlerndaten (846).jpg,0,0,1
1247,1247,/presorted/trial (589).jpg,0,0,1
960,960,/cluttered/Anlerndaten (92).jpg,0,0,1
352,352,/presorted/trial (1315).jpg,0,0,0
1230,1230,/presorted/trial (573).jpg,0,0,1
738,738,/cluttered/Anlerndaten (72).jpg,0,0,2
552,552,/presorted/trial (1496).jpg,0,0,0
303,303,/cluttered/Anlerndaten (328).jpg,0,0,1
1099,1099,/presorted/trial (455).jpg,0,0,1
806,806,/cluttered/Anlerndaten (781).jpg,0,0,2
479,479,/cluttered/Anlerndaten (487).jpg,0,0,3
796,796,/presorted/trial (182).jpg,0,0,2
1568,1568,/presorted/trial (878).jpg,0,0,1
672,672,/cluttered/Anlerndaten (660).jpg,0,0,1
1204,1204,/presorted/trial (55).jpg,0,0,1
204,204,/cluttered/Anlerndaten (239).jpg,0,0,1
267,267,/presorted/trial (1239).jpg,0,0,1
1545,1545,/presorted/trial (857).jpg,0,0,1
728,728,/cluttered/Anlerndaten (710).jpg,1,0,2
283,283,/cluttered/Anlerndaten (31).jpg,0,0,1
23,23,/presorted/trial (1019).jpg,1,0,1
215,215,/cluttered/Anlerndaten (249).jpg,0,0,1
1114,1114,/presorted/trial (469).jpg,0,0,1
844,844,/presorted/trial (225).jpg,0,0,1
877,877,/cluttered/Anlerndaten (845).jpg,0,0,2
29,29,/cluttered/Anlerndaten (1024).jpg,0,0,1
8,8,/cluttered/Anlerndaten (1005).jpg,0,0,0
1199,1199,/presorted/trial (545).jpg,0,0,1
1055,1055,/presorted/trial (415).jpg,0,0,1
1490,1490,/presorted/trial (807).jpg,0,0,1
792,792,/cluttered/Anlerndaten (769).jpg,0,0,1
1637,1637,/presorted/trial (94).jpg,0,0,0
1642,1642,/presorted/trial (944).jpg,0,0,1
318,318,/presorted/trial (1285).jpg,0,0,1
1032,1032,/presorted/trial (395).jpg,0,0,1
349,349,/cluttered/Anlerndaten (37).jpg,0,0,0
1343,1343,/presorted/trial (675).jpg,0,0,1
319,319,/cluttered/Anlerndaten (342).jpg,0,0,1
575,575,/cluttered/Anlerndaten (573).jpg,0,0,1
1308,1308,/presorted/trial (643).jpg,0,0,1
766,766,/presorted/trial (1689).jpg,0,0,1
526,526,/presorted/trial (1472).jpg,1,0,2
1134,1134,/presorted/trial (487).jpg,1,1,2
387,387,/cluttered/Anlerndaten (403).jpg,0,0,0
1269,1269,/presorted/trial (608).jpg,0,0,0
131,131,/cluttered/Anlerndaten (173).jpg,0,0,0
990,990,/cluttered/Anlerndaten (947).jpg,0,0,1
301,301,/presorted/trial (127).jpg,1,1,2
440,440,/cluttered/Anlerndaten (451).jpg,0,0,2
1485,1485,/presorted/trial (802).jpg,0,0,1
946,946,/cluttered/Anlerndaten (907).jpg,0,0,0
1457,1457,/presorted/trial (778).jpg,0,0,1
1556,1556,/presorted/trial (867).jpg,0,0,1
1377,1377,/presorted/trial (705).jpg,0,0,1
246,246,/presorted/trial (122).jpg,0,0,1
419,419,/presorted/trial (1376).jpg,0,0,1
869,869,/presorted/trial (248).jpg,0,0,1
496,496,/cluttered/Anlerndaten (501).jpg,0,0,1
297,297,/presorted/trial (1266).jpg,0,0,0
540,540,/presorted/trial (1485).jpg,0,0,1
1057,1057,/presorted/trial (417).jpg,0,0,1
1286,1286,/presorted/trial (623).jpg,0,0,1
61,61,/cluttered/Anlerndaten (11).jpg,1,0,2
1510,1510,/presorted/trial (825).jpg,0,0,1
312,312,/cluttered/Anlerndaten (336).jpg,0,0,1
224,224,/cluttered/Anlerndaten (257).jpg,0,0,2
938,938,/cluttered/Anlerndaten (90).jpg,0,0,1
1692,1692,/presorted/trial (99).jpg,0,0,1
183,183,/cluttered/Anlerndaten (22).jpg,0,0,1
658,658,/cluttered/Anlerndaten (648).jpg,0,0,2
287,287,/presorted/trial (1257).jpg,0,0,1
12,12,/cluttered/Anlerndaten (1009).jpg,0,0,2
958,958,/cluttered/Anlerndaten (918).jpg,0,0,1
477,477,/presorted/trial (1428).jpg,0,0,1
637,637,/presorted/trial (1572).jpg,0,0,0
248,248,/cluttered/Anlerndaten (279).jpg,1,0,2
87,87,/presorted/trial (1077).jpg,0,0,1
142,142,/presorted/trial (1126).jpg,0,0,0
661,661,/presorted/trial (1594).jpg,0,0,0
1517,1517,/presorted/trial (831).jpg,0,0,1
850,850,/cluttered/Anlerndaten (820).jpg,1,0,1
1433,1433,/presorted/trial (756).jpg,0,0,1
709,709,/cluttered/Anlerndaten (694).jpg,0,0,1
361,361,/cluttered/Anlerndaten (380).jpg,0,0,2
752,752,/presorted/trial (1676).jpg,0,0,1
1100,1100,/presorted/trial (456).jpg,0,0,1
896,896,/cluttered/Anlerndaten (862).jpg,0,0,1
1200,1200,/presorted/trial (546).jpg,0,0,1
534,534,/cluttered/Anlerndaten (536).jpg,0,0,1
483,483,/presorted/trial (1433).jpg,0,0,0
941,941,/cluttered/Anlerndaten (902).jpg,0,0,1
410,410,/cluttered/Anlerndaten (424).jpg,0,0,0
1089,1089,/presorted/trial (446).jpg,0,0,1
1268,1268,/presorted/trial (607).jpg,1,0,1
71,71,/cluttered/Anlerndaten (119).jpg,0,0,1
523,523,/cluttered/Anlerndaten (526).jpg,0,0,1
1604,1604,/presorted/trial (91).jpg,0,0,1
1363,1363,/presorted/trial (693).jpg,0,0,1
689,689,/presorted/trial (1619).jpg,0,0,1
92,92,/cluttered/Anlerndaten (138).jpg,0,0,2
883,883,/presorted/trial (260).jpg,0,0,1
281,281,/presorted/trial (1251).jpg,0,0,1
613,613,/cluttered/Anlerndaten (607).jpg,0,0,1
359,359,/cluttered/Anlerndaten (379).jpg,0,0,1
665,665,/cluttered/Anlerndaten (654).jpg,0,0,1
933,933,/presorted/trial (305).jpg,0,0,1
817,817,/cluttered/Anlerndaten (791).jpg,0,0,1
1611,1611,/presorted/trial (916).jpg,0,0,1
1374,1374,/presorted/trial (702).jpg,1,0,2
469,469,/presorted/trial (1420).jpg,0,0,1
917,917,/presorted/trial (291).jpg,0,0,1
1142,1142,/presorted/trial (494).jpg,0,0,1
675,675,/cluttered/Anlerndaten (663).jpg,1,1,2
321,321,/presorted/trial (1288).jpg,0,0,1
144,144,/cluttered/Anlerndaten (185).jpg,0,0,2
872,872,/cluttered/Anlerndaten (840).jpg,0,0,1
214,214,/presorted/trial (1191).jpg,0,0,1
1567,1567,/presorted/trial (877).jpg,0,0,1
212,212,/cluttered/Anlerndaten (246).jpg,0,0,2
1322,1322,/presorted/trial (656).jpg,0,0,1
796,796,/cluttered/Anlerndaten (772).jpg,0,0,0
426,426,/presorted/trial (1382).jpg,0,0,1
622,622,/presorted/trial (1559).jpg,0,0,1
1030,1030,/presorted/trial (393).jpg,0,0,1
1034,1034,/cluttered/Anlerndaten (987).jpg,1,0,2
362,362,/presorted/trial (1324).jpg,0,0,0
865,865,/presorted/trial (244).jpg,0,0,1
673,673,/cluttered/Anlerndaten (661).jpg,0,0,2
542,542,/presorted/trial (1487).jpg,0,0,1
905,905,/cluttered/Anlerndaten (870).jpg,1,0,3
309,309,/presorted/trial (1277).jpg,0,0,0
1123,1123,/presorted/trial (477).jpg,0,0,1
1505,1505,/presorted/trial (820).jpg,0,0,1
1480,1480,/presorted/trial (799).jpg,0,0,1
948,948,/presorted/trial (319).jpg,0,0,1
778,778,/presorted/trial (17).jpg,0,0,0
1310,1310,/presorted/trial (645).jpg,0,0,1
311,311,/cluttered/Anlerndaten (335).jpg,0,0,2
250,250,/cluttered/Anlerndaten (280).jpg,0,0,2
1682,1682,/presorted/trial (980).jpg,0,0,1
503,503,/cluttered/Anlerndaten (508).jpg,1,0,3
14,14,/presorted/trial (1010).jpg,0,0,1
1014,1014,/cluttered/Anlerndaten (969).jpg,1,0,1
787,787,/presorted/trial (174).jpg,0,0,1
325,325,/cluttered/Anlerndaten (348).jpg,0,0,1
1481,1481,/presorted/trial (8).jpg,0,0,1
68,68,/presorted/trial (106).jpg,1,0,2
324,324,/cluttered/Anlerndaten (347).jpg,0,0,1
1119,1119,/presorted/trial (473).jpg,0,0,1
618,618,/cluttered/Anlerndaten (611).jpg,0,0,2
1646,1646,/presorted/trial (948).jpg,0,0,1
317,317,/cluttered/Anlerndaten (340).jpg,0,0,2
226,226,/cluttered/Anlerndaten (259).jpg,0,0,1
771,771,/presorted/trial (1693).jpg,0,0,1
244,244,/cluttered/Anlerndaten (275).jpg,0,0,2
51,51,/presorted/trial (1044).jpg,0,0,0
209,209,/presorted/trial (1187).jpg,1,0,1
549,549,/presorted/trial (1493).jpg,0,0,1
363,363,/cluttered/Anlerndaten (382).jpg,0,0,5
12,12,/presorted/trial (1009).jpg,0,0,1
692,692,/presorted/trial (1621).jpg,0,0,1
115,115,/presorted/trial (1101).jpg,0,0,1
725,725,/cluttered/Anlerndaten (708).jpg,0,0,1
360,360,/presorted/trial (1322).jpg,1,0,2
1320,1320,/presorted/trial (654).jpg,0,0,1
551,551,/presorted/trial (1495).jpg,1,0,2
1335,1335,/presorted/trial (668).jpg,0,0,1
599,599,/cluttered/Anlerndaten (595).jpg,0,0,1
961,961,/presorted/trial (330).jpg,0,0,1
881,881,/presorted/trial (259).jpg,0,0,1
1362,1362,/presorted/trial (692).jpg,0,0,1
791,791,/presorted/trial (178).jpg,0,0,1
1224,1224,/presorted/trial (568).jpg,0,0,2
541,541,/presorted/trial (1486).jpg,0,0,1
1534,1534,/presorted/trial (847).jpg,0,0,1
1405,1405,/presorted/trial (730).jpg,0,0,1
425,425,/presorted/trial (1381).jpg,0,0,0
1177,1177,/presorted/trial (525).jpg,0,0,1
942,942,/cluttered/Anlerndaten (903).jpg,1,0,2
41,41,/cluttered/Anlerndaten (1035).jpg,0,0,1
258,258,/presorted/trial (1230).jpg,0,0,1
156,156,/presorted/trial (1139).jpg,0,0,0
754,754,/cluttered/Anlerndaten (734).jpg,0,0,2
1304,1304,/presorted/trial (64).jpg,0,0,0
1672,1672,/presorted/trial (971).jpg,0,0,1
814,814,/cluttered/Anlerndaten (789).jpg,0,0,1
397,397,/cluttered/Anlerndaten (412).jpg,0,0,1
1466,1466,/presorted/trial (786).jpg,0,0,1
1503,1503,/presorted/trial (819).jpg,0,0,1
1693,1693,/presorted/trial (990).jpg,0,0,1
579,579,/presorted/trial (152).jpg,1,0,1
68,68,/cluttered/Anlerndaten (116).jpg,0,0,1
714,714,/presorted/trial (1641).jpg,0,0,1
1110,1110,/presorted/trial (465).jpg,0,0,1
266,266,/presorted/trial (1238).jpg,0,0,0
77,77,/cluttered/Anlerndaten (124).jpg,0,0,2
1543,1543,/presorted/trial (855).jpg,0,0,1
1016,1016,/cluttered/Anlerndaten (970).jpg,0,0,1
105,105,/cluttered/Anlerndaten (15).jpg,1,0,2
1261,1261,/presorted/trial (600).jpg,0,0,1
645,645,/presorted/trial (158).jpg,0,0,1
685,685,/cluttered/Anlerndaten (672).jpg,1,0,1
845,845,/cluttered/Anlerndaten (816).jpg,0,0,1
619,619,/presorted/trial (1556).jpg,0,0,1
448,448,/cluttered/Anlerndaten (459).jpg,1,0,2
1022,1022,/cluttered/Anlerndaten (976).jpg,0,0,2
891,891,/cluttered/Anlerndaten (858).jpg,0,0,2
993,993,/presorted/trial (36).jpg,0,0,1
1079,1079,/presorted/trial (437).jpg,0,0,1
1085,1085,/presorted/trial (442).jpg,0,0,1
1063,1063,/presorted/trial (422).jpg,0,0,1
290,290,/cluttered/Anlerndaten (316).jpg,0,0,1
502,502,/cluttered/Anlerndaten (507).jpg,1,0,2
