folder,name,count,different colors,one color,edge,transparent,inside,overlapping,dark color,open lid,issue
harder_samples,Anlernbilder (1).jpg,1,False,False,False,False,False,False,False,False,False
harder_samples,Anlernbilder (10).jpg,2,True,False,False,False,False,True,False,False,False
harder_samples,Anlernbilder (100).jpg,2,True,False,False,False,False,False,False,False,False
harder_samples,Anlernbilder (101).jpg,2,True,False,False,False,False,True,False,False,False
harder_samples,Anlernbilder (102).jpg,3,True,False,False,False,True,True,False,False,False
harder_samples,Anlernbilder (103).jpg,2,True,False,False,False,False,False,False,False,False
harder_samples,Anlernbilder (104).jpg,2,True,False,False,False,False,False,True,False,False
harder_samples,Anlernbilder (105).jpg,2,True,False,False,False,False,True,False,False,False
harder_samples,Anlernbilder (106).jpg,3,True,False,False,True,False,True,False,False,False
harder_samples,Anlernbilder (107).jpg,3,True,False,False,True,False,True,False,False,False
harder_samples,Anlernbilder (108).jpg,3,True,False,False,True,False,True,False,False,False
harder_samples,Anlernbilder (109).jpg,3,True,False,False,False,False,True,True,False,False
harder_samples,Anlernbilder (11).jpg,3,True,False,False,True,True,True,False,False,False
harder_samples,Anlernbilder (110).jpg,3,True,False,False,True,True,True,False,False,False
harder_samples,Anlernbilder (111).jpg,2,True,False,False,False,False,True,False,False,False
harder_samples,Anlernbilder (112).jpg,3,True,False,False,True,True,True,False,False,False
harder_samples,Anlernbilder (113).jpg,2,True,False,False,False,False,False,False,False,False
harder_samples,Anlernbilder (114).jpg,2,True,False,False,False,False,False,False,False,False
harder_samples,Anlernbilder (115).jpg,2,True,False,False,True,False,True,False,False,False
harder_samples,Anlernbilder (116).jpg,4,True,False,False,True,True,True,True,False,False
harder_samples,Anlernbilder (117).jpg,3,True,False,False,True,False,True,False,False,False
harder_samples,Anlernbilder (118).jpg,2,True,False,False,True,False,True,False,False,False
harder_samples,Anlernbilder (119).jpg,3,True,False,False,False,True,True,False,False,False
harder_samples,Anlernbilder (12).jpg,2,False,True,False,False,False,True,False,False,False
harder_samples,Anlernbilder (120).jpg,2,True,False,False,False,False,True,False,False,False
harder_samples,Anlernbilder (121).jpg,2,True,False,False,True,False,True,True,False,False
harder_samples,Anlernbilder (122).jpg,2,False,True,False,False,False,True,False,False,False
harder_samples,Anlernbilder (123).jpg,2,True,False,False,False,False,True,False,False,False
harder_samples,Anlernbilder (124).jpg,2,True,False,False,False,False,True,False,False,False
harder_samples,Anlernbilder (125).jpg,2,True,False,False,False,False,True,False,False,False
harder_samples,Anlernbilder (126).jpg,3,True,False,False,True,True,True,False,False,False
harder_samples,Anlernbilder (127).jpg,2,True,False,False,False,False,True,False,False,False
harder_samples,Anlernbilder (128).jpg,3,False,True,False,False,False,True,False,False,False
harder_samples,Anlernbilder (129).jpg,3,True,False,False,True,True,True,False,False,False
harder_samples,Anlernbilder (13).jpg,1,False,False,False,False,False,False,False,False,False
harder_samples,Anlernbilder (130).jpg,2,True,False,False,False,False,True,False,False,False
harder_samples,Anlernbilder (131).jpg,2,True,False,False,True,True,False,False,False,False
harder_samples,Anlernbilder (132).jpg,3,True,False,False,False,False,True,False,False,False
harder_samples,Anlernbilder (133).jpg,2,True,False,False,True,True,False,False,False,False
harder_samples,Anlernbilder (134).jpg,2,True,False,False,False,False,True,False,False,False
harder_samples,Anlernbilder (135).jpg,2,False,True,False,False,False,True,False,False,False
harder_samples,Anlernbilder (136).jpg,3,True,False,False,True,True,True,False,False,False
harder_samples,Anlernbilder (137).jpg,2,True,False,False,False,False,False,False,False,False
harder_samples,Anlernbilder (138).jpg,1,False,False,False,False,False,False,False,False,False
harder_samples,Anlernbilder (139).jpg,3,True,False,False,False,False,True,False,False,False
harder_samples,Anlernbilder (14).jpg,3,True,False,False,False,False,True,False,False,False
harder_samples,Anlernbilder (140).jpg,4,True,False,False,False,False,True,False,False,False
harder_samples,Anlernbilder (141).jpg,4,True,False,False,False,False,True,False,False,False
harder_samples,Anlernbilder (142).jpg,2,True,False,False,False,False,False,False,False,False
harder_samples,Anlernbilder (143).jpg,4,True,False,False,True,False,True,False,False,False
harder_samples,Anlernbilder (144).jpg,2,True,False,False,False,False,False,False,False,False
harder_samples,Anlernbilder (145).jpg,4,True,False,False,False,True,True,False,False,False
harder_samples,Anlernbilder (146).jpg,3,True,False,False,False,False,True,True,False,False
harder_samples,Anlernbilder (147).jpg,4,True,False,False,True,False,True,False,False,False
harder_samples,Anlernbilder (148).jpg,2,True,False,False,True,False,True,False,False,False
harder_samples,Anlernbilder (149).jpg,3,True,False,False,False,False,True,False,False,False
harder_samples,Anlernbilder (15).jpg,2,True,False,False,False,False,True,False,False,False
harder_samples,Anlernbilder (150).jpg,2,False,True,False,False,False,False,False,False,False
harder_samples,Anlernbilder (151).jpg,4,True,False,False,True,False,True,False,False,True
harder_samples,Anlernbilder (152).jpg,3,True,False,False,True,True,True,False,False,False
harder_samples,Anlernbilder (153).jpg,4,True,False,False,True,True,True,False,False,False
harder_samples,Anlernbilder (154).jpg,5,True,False,False,False,False,True,False,False,False
harder_samples,Anlernbilder (155).jpg,3,True,False,False,True,True,True,False,False,False
harder_samples,Anlernbilder (156).jpg,2,False,True,False,False,False,True,False,False,False
harder_samples,Anlernbilder (157).jpg,2,False,True,False,False,False,False,False,False,False
harder_samples,Anlernbilder (158).jpg,2,True,False,False,False,False,False,False,False,False
harder_samples,Anlernbilder (159).jpg,1,False,False,False,False,False,False,False,False,False
harder_samples,Anlernbilder (16).jpg,4,True,False,False,True,True,True,False,False,False
harder_samples,Anlernbilder (160).jpg,1,False,False,False,False,False,False,False,False,False
harder_samples,Anlernbilder (161).jpg,2,False,True,False,False,False,True,False,False,False
harder_samples,Anlernbilder (162).jpg,2,True,False,False,False,False,False,False,False,False
harder_samples,Anlernbilder (163).jpg,2,False,True,False,False,False,False,False,False,False
harder_samples,Anlernbilder (164).jpg,3,True,False,False,False,False,True,False,False,False
harder_samples,Anlernbilder (165).jpg,2,False,True,False,False,False,True,False,False,False
harder_samples,Anlernbilder (166).jpg,2,False,True,False,False,False,False,False,False,False
harder_samples,Anlernbilder (167).jpg,2,True,False,False,False,False,True,False,False,False
harder_samples,Anlernbilder (168).jpg,2,True,False,False,False,False,True,False,False,False
harder_samples,Anlernbilder (169).jpg,2,True,False,False,False,False,True,False,False,False
harder_samples,Anlernbilder (17).jpg,2,False,True,False,False,False,True,False,False,False
harder_samples,Anlernbilder (170).jpg,2,False,True,False,False,False,True,False,False,False
harder_samples,Anlernbilder (171).jpg,3,True,False,False,True,True,True,False,False,False
harder_samples,Anlernbilder (172).jpg,3,True,False,False,True,False,True,False,False,False
harder_samples,Anlernbilder (173).jpg,2,True,False,False,False,False,True,False,False,False
harder_samples,Anlernbilder (174).jpg,3,True,False,False,False,False,True,True,False,False
harder_samples,Anlernbilder (175).jpg,2,True,False,False,False,False,True,False,False,False
harder_samples,Anlernbilder (176).jpg,2,True,False,False,False,False,False,False,False,False
harder_samples,Anlernbilder (177).jpg,3,True,False,False,False,False,True,False,False,False
harder_samples,Anlernbilder (178).jpg,2,True,False,False,True,True,False,False,False,False
harder_samples,Anlernbilder (179).jpg,2,True,False,False,False,False,True,False,False,False
harder_samples,Anlernbilder (18).jpg,3,True,False,False,False,False,True,False,False,False
harder_samples,Anlernbilder (180).jpg,3,True,False,False,False,False,True,False,False,False
harder_samples,Anlernbilder (181).jpg,2,True,False,False,True,False,True,False,False,False
harder_samples,Anlernbilder (182).jpg,2,True,False,False,True,False,True,False,False,False
harder_samples,Anlernbilder (183).jpg,2,True,False,False,True,False,False,False,False,False
harder_samples,Anlernbilder (184).jpg,2,True,False,False,False,False,True,False,False,False
harder_samples,Anlernbilder (185).jpg,2,True,False,False,False,False,True,False,False,False
harder_samples,Anlernbilder (186).jpg,3,True,False,False,True,False,True,False,False,False
harder_samples,Anlernbilder (187).jpg,2,True,False,False,True,False,True,False,False,False
harder_samples,Anlernbilder (188).jpg,2,True,False,False,False,False,True,False,False,False
harder_samples,Anlernbilder (189).jpg,2,True,False,False,False,False,True,False,False,False
harder_samples,Anlernbilder (19).jpg,2,True,False,False,False,False,True,False,False,False
harder_samples,Anlernbilder (190).jpg,2,True,False,False,False,False,True,False,False,False
harder_samples,Anlernbilder (191).jpg,2,False,True,False,False,False,False,False,False,False
harder_samples,Anlernbilder (192).jpg,2,True,False,False,False,False,True,False,False,False
harder_samples,Anlernbilder (193).jpg,3,True,False,False,False,True,True,False,False,False
harder_samples,Anlernbilder (194).jpg,2,False,False,False,True,False,False,False,False,False
harder_samples,Anlernbilder (195).jpg,2,True,False,False,False,False,False,True,False,False
harder_samples,Anlernbilder (196).jpg,3,True,False,False,False,False,True,False,False,False
harder_samples,Anlernbilder (197).jpg,2,True,False,False,False,False,False,False,False,False
harder_samples,Anlernbilder (198).jpg,1,False,False,False,False,False,False,False,False,False
harder_samples,Anlernbilder (199).jpg,5,True,False,False,False,False,True,False,False,False
harder_samples,Anlernbilder (2).jpg,1,False,False,False,False,False,False,False,False,False
harder_samples,Anlernbilder (20).jpg,3,True,False,False,False,False,True,False,False,False
harder_samples,Anlernbilder (200).jpg,4,True,False,False,False,False,True,False,False,False
harder_samples,Anlernbilder (201).jpg,3,True,False,False,True,True,True,False,False,False
harder_samples,Anlernbilder (202).jpg,0,False,False,False,False,False,False,False,False,False
harder_samples,Anlernbilder (203).jpg,1,False,False,False,False,False,False,False,False,False
harder_samples,Anlernbilder (204).jpg,1,False,False,False,True,False,False,False,False,False
harder_samples,Anlernbilder (205).jpg,5,True,False,False,True,True,True,False,False,False
harder_samples,Anlernbilder (206).jpg,2,True,False,False,False,False,False,False,False,False
harder_samples,Anlernbilder (207).jpg,2,True,False,False,False,False,True,False,False,False
harder_samples,Anlernbilder (208).jpg,3,True,False,False,False,False,True,False,False,False
harder_samples,Anlernbilder (209).jpg,3,True,False,False,True,True,True,False,False,False
harder_samples,Anlernbilder (21).jpg,2,True,False,False,False,False,False,False,False,False
harder_samples,Anlernbilder (210).jpg,2,False,True,False,False,False,False,False,False,False
harder_samples,Anlernbilder (211).jpg,2,True,False,False,False,False,False,False,False,False
harder_samples,Anlernbilder (212).jpg,3,True,False,False,True,True,True,False,False,False
harder_samples,Anlernbilder (213).jpg,2,False,True,False,False,False,True,False,False,False
harder_samples,Anlernbilder (214).jpg,2,True,False,False,False,False,True,True,False,False
harder_samples,Anlernbilder (215).jpg,1,False,False,False,False,False,False,False,False,False
harder_samples,Anlernbilder (216).jpg,3,True,False,False,False,False,True,False,False,False
harder_samples,Anlernbilder (217).jpg,3,False,True,False,True,True,True,False,False,False
harder_samples,Anlernbilder (218).jpg,3,True,False,False,False,False,True,False,False,False
harder_samples,Anlernbilder (219).jpg,2,True,False,False,True,False,False,False,False,False
harder_samples,Anlernbilder (22).jpg,2,False,True,False,False,False,True,False,False,False
harder_samples,Anlernbilder (220).jpg,1,False,False,False,False,False,False,False,False,False
harder_samples,Anlernbilder (221).jpg,2,False,True,False,False,False,False,True,False,False
harder_samples,Anlernbilder (222).jpg,2,True,False,False,False,False,False,False,False,False
harder_samples,Anlernbilder (223).jpg,3,True,False,False,True,False,True,False,False,False
harder_samples,Anlernbilder (224).jpg,2,False,True,False,False,False,True,False,False,False
harder_samples,Anlernbilder (225).jpg,3,True,False,False,True,False,True,False,False,False
harder_samples,Anlernbilder (226).jpg,2,False,True,False,False,False,True,False,False,False
harder_samples,Anlernbilder (227).jpg,2,True,False,False,False,False,False,False,False,True
harder_samples,Anlernbilder (228).jpg,2,True,False,False,False,False,False,True,False,False
harder_samples,Anlernbilder (229).jpg,2,True,False,False,False,False,True,False,False,False
harder_samples,Anlernbilder (23).jpg,4,True,False,False,False,False,True,False,False,False
harder_samples,Anlernbilder (230).jpg,2,True,False,False,False,False,False,False,False,False
harder_samples,Anlernbilder (231).jpg,1,False,False,False,False,False,False,False,False,False
harder_samples,Anlernbilder (232).jpg,3,True,False,False,True,True,True,False,False,False
harder_samples,Anlernbilder (233).jpg,3,True,False,False,True,True,True,False,False,False
harder_samples,Anlernbilder (234).jpg,2,True,False,False,False,False,False,False,False,False
harder_samples,Anlernbilder (235).jpg,4,True,False,False,True,True,True,False,False,False
harder_samples,Anlernbilder (236).jpg,3,True,False,False,False,False,True,False,False,False
harder_samples,Anlernbilder (237).jpg,2,True,False,False,True,False,True,False,False,False
harder_samples,Anlernbilder (238).jpg,2,False,True,False,False,False,True,False,False,False
harder_samples,Anlernbilder (239).jpg,2,True,False,False,False,False,False,False,False,False
harder_samples,Anlernbilder (24).jpg,2,True,False,False,False,False,True,False,False,False
harder_samples,Anlernbilder (240).jpg,2,True,False,False,False,False,True,False,False,False
harder_samples,Anlernbilder (241).jpg,3,True,False,False,False,False,True,False,False,False
harder_samples,Anlernbilder (242).jpg,2,True,False,False,False,False,False,False,False,False
harder_samples,Anlernbilder (243).jpg,3,True,False,False,True,False,True,False,False,False
harder_samples,Anlernbilder (244).jpg,2,True,False,False,False,False,False,False,False,False
harder_samples,Anlernbilder (245).jpg,2,True,False,False,False,False,True,False,False,False
harder_samples,Anlernbilder (246).jpg,4,True,False,False,True,True,True,False,False,False
harder_samples,Anlernbilder (247).jpg,2,True,False,False,False,False,True,False,False,False
harder_samples,Anlernbilder (248).jpg,2,True,False,False,False,False,True,False,False,False
harder_samples,Anlernbilder (249).jpg,2,True,False,False,False,False,False,False,False,False
harder_samples,Anlernbilder (25).jpg,2,True,False,False,False,False,True,False,False,False
harder_samples,Anlernbilder (250).jpg,3,True,False,False,False,False,True,False,False,False
harder_samples,Anlernbilder (251).jpg,2,True,False,False,False,False,True,True,False,False
harder_samples,Anlernbilder (252).jpg,2,True,False,False,False,False,True,False,False,False
harder_samples,Anlernbilder (253).jpg,2,False,True,False,False,False,True,False,False,False
harder_samples,Anlernbilder (254).jpg,2,True,False,False,False,False,True,False,False,False
harder_samples,Anlernbilder (255).jpg,2,True,False,False,False,False,True,True,False,False
harder_samples,Anlernbilder (256).jpg,2,True,False,False,False,False,True,False,False,False
harder_samples,Anlernbilder (257).jpg,2,True,False,False,False,False,False,False,False,False
harder_samples,Anlernbilder (258).jpg,3,True,False,False,True,False,True,False,False,True
harder_samples,Anlernbilder (259).jpg,2,True,False,False,False,False,True,False,False,False
harder_samples,Anlernbilder (26).jpg,3,True,False,False,True,True,False,False,False,False
harder_samples,Anlernbilder (260).jpg,2,False,True,False,False,False,False,False,False,False
harder_samples,Anlernbilder (261).jpg,2,True,False,False,False,False,True,False,False,False
harder_samples,Anlernbilder (262).jpg,2,True,False,False,False,False,True,False,False,False
harder_samples,Anlernbilder (263).jpg,2,True,False,False,False,False,False,False,False,False
harder_samples,Anlernbilder (264).jpg,2,True,False,False,False,False,False,False,False,False
harder_samples,Anlernbilder (265).jpg,3,True,False,False,False,False,True,False,False,False
harder_samples,Anlernbilder (266).jpg,2,False,True,False,False,False,True,False,False,False
harder_samples,Anlernbilder (267).jpg,2,True,False,False,True,False,True,False,False,False
harder_samples,Anlernbilder (268).jpg,2,False,True,False,False,False,False,False,False,True
harder_samples,Anlernbilder (269).jpg,2,False,True,False,False,False,False,False,False,False
harder_samples,Anlernbilder (27).jpg,3,True,False,False,False,False,True,False,False,False
harder_samples,Anlernbilder (270).jpg,2,False,True,False,False,False,False,False,False,False
harder_samples,Anlernbilder (271).jpg,2,True,False,False,True,False,True,False,False,False
harder_samples,Anlernbilder (272).jpg,1,False,False,False,False,False,False,True,False,False
harder_samples,Anlernbilder (273).jpg,2,False,True,False,False,False,True,False,False,False
harder_samples,Anlernbilder (274).jpg,2,False,True,False,False,False,True,False,False,False
harder_samples,Anlernbilder (275).jpg,2,False,True,False,False,False,False,False,False,False
harder_samples,Anlernbilder (276).jpg,3,True,False,False,False,True,True,False,False,False
harder_samples,Anlernbilder (277).jpg,2,False,True,False,False,False,False,False,False,False
harder_samples,Anlernbilder (278).jpg,2,False,True,False,False,False,False,False,False,False
harder_samples,Anlernbilder (279).jpg,2,False,True,False,False,False,True,True,False,False
harder_samples,Anlernbilder (28).jpg,2,False,True,False,False,False,False,False,False,False
harder_samples,Anlernbilder (280).jpg,4,True,False,False,True,True,True,False,False,False
harder_samples,Anlernbilder (281).jpg,2,False,True,False,False,False,True,False,False,False
harder_samples,Anlernbilder (282).jpg,2,False,True,False,False,False,False,False,False,False
harder_samples,Anlernbilder (283).jpg,2,True,False,False,False,False,True,True,False,False
harder_samples,Anlernbilder (284).jpg,3,True,False,False,True,True,True,False,False,False
harder_samples,Anlernbilder (285).jpg,2,True,False,False,True,True,False,False,False,False
harder_samples,Anlernbilder (286).jpg,4,True,False,False,False,False,True,False,False,False
harder_samples,Anlernbilder (287).jpg,3,True,False,False,False,False,True,False,False,False
harder_samples,Anlernbilder (288).jpg,2,False,True,False,False,False,False,False,False,False
harder_samples,Anlernbilder (289).jpg,2,True,False,False,False,False,True,False,False,False
harder_samples,Anlernbilder (29).jpg,2,True,False,False,False,False,True,False,False,False
harder_samples,Anlernbilder (290).jpg,2,True,False,False,False,False,True,False,False,False
harder_samples,Anlernbilder (291).jpg,3,True,False,False,False,True,True,False,False,False
harder_samples,Anlernbilder (292).jpg,2,False,True,False,False,False,True,False,False,False
harder_samples,Anlernbilder (293).jpg,2,True,False,False,True,False,True,False,False,False
harder_samples,Anlernbilder (294).jpg,1,False,False,False,False,False,False,False,False,False
harder_samples,Anlernbilder (295).jpg,4,True,False,False,False,False,True,False,False,False
harder_samples,Anlernbilder (296).jpg,3,True,False,False,True,True,True,False,False,False
harder_samples,Anlernbilder (297).jpg,2,True,False,False,True,True,False,False,False,False
harder_samples,Anlernbilder (298).jpg,2,True,False,False,False,False,True,False,False,False
harder_samples,Anlernbilder (299).jpg,2,True,False,False,False,False,True,False,False,False
harder_samples,Anlernbilder (3).jpg,0,False,False,False,False,False,False,False,False,False
harder_samples,Anlernbilder (30).jpg,3,True,False,False,True,True,True,False,False,False
harder_samples,Anlernbilder (300).jpg,2,True,False,False,True,False,True,False,False,False
harder_samples,Anlernbilder (301).jpg,2,True,False,False,False,False,False,False,False,False
harder_samples,Anlernbilder (302).jpg,2,False,True,False,False,False,False,False,False,False
harder_samples,Anlernbilder (303).jpg,2,True,False,False,False,False,True,False,False,False
harder_samples,Anlernbilder (304).jpg,2,True,False,False,False,False,True,False,False,False
harder_samples,Anlernbilder (305).jpg,2,True,False,False,False,False,True,False,False,False
harder_samples,Anlernbilder (306).jpg,1,False,False,False,False,False,False,False,False,False
harder_samples,Anlernbilder (307).jpg,0,False,False,False,False,False,False,False,False,False
harder_samples,Anlernbilder (308).jpg,3,True,False,False,False,True,True,False,False,False
harder_samples,Anlernbilder (309).jpg,1,False,False,False,False,False,False,False,False,False
harder_samples,Anlernbilder (31).jpg,5,True,False,False,True,True,True,False,False,False
harder_samples,Anlernbilder (310).jpg,1,False,False,False,False,False,False,True,False,False
harder_samples,Anlernbilder (311).jpg,1,False,False,False,False,False,False,False,False,False
harder_samples,Anlernbilder (312).jpg,2,True,False,False,False,False,True,False,False,False
harder_samples,Anlernbilder (313).jpg,2,True,False,False,True,False,True,False,False,False
harder_samples,Anlernbilder (314).jpg,0,False,False,False,False,False,False,False,False,False
harder_samples,Anlernbilder (315).jpg,1,False,False,False,False,False,False,False,False,False
harder_samples,Anlernbilder (316).jpg,1,False,False,False,False,False,False,False,True,False
harder_samples,Anlernbilder (317).jpg,3,True,False,False,True,True,True,False,False,False
harder_samples,Anlernbilder (318).jpg,4,True,False,False,True,True,True,False,False,False
harder_samples,Anlernbilder (319).jpg,1,False,False,False,False,False,False,False,False,False
harder_samples,Anlernbilder (32).jpg,4,True,False,False,True,True,True,False,False,False
harder_samples,Anlernbilder (320).jpg,2,True,False,False,False,False,True,False,False,False
harder_samples,Anlernbilder (321).jpg,2,True,False,False,True,False,True,False,False,False
harder_samples,Anlernbilder (322).jpg,2,True,False,False,False,False,True,False,False,False
harder_samples,Anlernbilder (323).jpg,1,False,False,False,False,False,False,False,False,True
harder_samples,Anlernbilder (324).jpg,1,False,False,False,False,False,False,True,False,False
harder_samples,Anlernbilder (325).jpg,1,False,False,False,False,False,False,False,False,False
harder_samples,Anlernbilder (326).jpg,1,False,False,False,False,False,False,False,False,False
harder_samples,Anlernbilder (327).jpg,2,False,True,False,False,False,False,False,False,False
harder_samples,Anlernbilder (328).jpg,2,True,False,False,False,False,False,False,False,False
harder_samples,Anlernbilder (329).jpg,2,True,False,False,False,False,True,False,False,False
harder_samples,Anlernbilder (33).jpg,0,False,False,False,False,False,False,False,False,False
harder_samples,Anlernbilder (330).jpg,3,True,False,False,True,True,True,False,False,False
harder_samples,Anlernbilder (331).jpg,2,False,True,False,False,False,False,False,False,False
harder_samples,Anlernbilder (332).jpg,2,True,False,False,True,False,True,False,False,False
harder_samples,Anlernbilder (333).jpg,2,False,True,False,False,False,True,False,False,False
harder_samples,Anlernbilder (334).jpg,2,True,False,False,False,False,True,False,False,False
harder_samples,Anlernbilder (335).jpg,2,True,False,False,False,False,True,False,False,False
harder_samples,Anlernbilder (336).jpg,2,True,False,False,False,False,False,False,False,False
harder_samples,Anlernbilder (337).jpg,2,True,False,False,False,False,False,False,False,False
harder_samples,Anlernbilder (338).jpg,3,True,False,False,False,False,True,True,False,False
harder_samples,Anlernbilder (339).jpg,3,True,False,False,True,True,True,False,False,False
harder_samples,Anlernbilder (34).jpg,1,False,False,False,False,False,False,False,False,False
harder_samples,Anlernbilder (340).jpg,1,False,False,False,False,False,False,False,False,False
harder_samples,Anlernbilder (341).jpg,5,True,False,False,True,True,True,False,False,False
harder_samples,Anlernbilder (342).jpg,3,True,False,False,False,False,True,False,False,False
harder_samples,Anlernbilder (343).jpg,4,True,False,False,True,True,True,False,False,False
harder_samples,Anlernbilder (344).jpg,4,True,False,False,True,False,True,False,False,False
harder_samples,Anlernbilder (345).jpg,3,True,False,True,False,False,True,False,False,False
harder_samples,Anlernbilder (346).jpg,4,True,False,False,True,False,True,False,False,False
harder_samples,Anlernbilder (347).jpg,3,True,False,False,True,False,True,True,False,False
harder_samples,Anlernbilder (348).jpg,3,True,False,False,False,False,True,False,False,False
harder_samples,Anlernbilder (349).jpg,4,True,False,False,True,False,True,False,False,False
harder_samples,Anlernbilder (35).jpg,2,False,True,False,False,False,True,False,False,False
harder_samples,Anlernbilder (350).jpg,2,True,False,False,False,False,True,False,False,False
harder_samples,Anlernbilder (351).jpg,3,True,False,False,False,False,True,False,True,False
harder_samples,Anlernbilder (352).jpg,4,True,False,False,False,False,True,False,False,False
harder_samples,Anlernbilder (353).jpg,2,True,False,False,False,False,True,False,False,False
harder_samples,Anlernbilder (354).jpg,2,True,False,False,True,False,True,False,False,False
harder_samples,Anlernbilder (355).jpg,3,True,False,False,False,False,True,False,False,False
harder_samples,Anlernbilder (356).jpg,2,True,False,False,False,False,True,False,False,False
harder_samples,Anlernbilder (357).jpg,2,True,False,False,False,False,False,False,False,False
harder_samples,Anlernbilder (358).jpg,4,True,False,False,False,False,True,True,False,False
harder_samples,Anlernbilder (359).jpg,3,True,False,False,False,False,True,False,False,False
harder_samples,Anlernbilder (36).jpg,3,True,False,False,True,True,True,False,False,False
harder_samples,Anlernbilder (360).jpg,3,True,False,False,True,False,True,False,False,False
harder_samples,Anlernbilder (361).jpg,2,True,False,False,True,False,True,False,False,True
harder_samples,Anlernbilder (362).jpg,4,True,False,False,True,False,True,False,False,False
harder_samples,Anlernbilder (363).jpg,2,True,False,False,False,False,True,False,False,False
harder_samples,Anlernbilder (364).jpg,2,True,False,False,False,False,True,False,False,False
harder_samples,Anlernbilder (365).jpg,3,True,False,False,True,True,True,False,False,False
harder_samples,Anlernbilder (366).jpg,4,True,False,False,False,False,True,False,False,False
harder_samples,Anlernbilder (367).jpg,1,False,False,False,False,False,False,False,False,False
harder_samples,Anlernbilder (368).jpg,4,True,False,False,True,False,True,False,True,False
harder_samples,Anlernbilder (369).jpg,2,True,False,False,False,False,False,False,False,False
harder_samples,Anlernbilder (37).jpg,4,True,False,False,False,False,True,False,False,False
harder_samples,Anlernbilder (370).jpg,3,True,False,False,False,False,True,False,False,False
harder_samples,Anlernbilder (371).jpg,3,True,False,False,False,False,True,False,False,False
harder_samples,Anlernbilder (372).jpg,2,False,True,False,False,False,True,False,False,False
harder_samples,Anlernbilder (373).jpg,2,True,False,False,False,False,False,False,False,False
harder_samples,Anlernbilder (374).jpg,2,True,False,False,False,False,True,False,False,False
harder_samples,Anlernbilder (375).jpg,2,False,True,False,False,False,False,False,False,False
harder_samples,Anlernbilder (376).jpg,1,False,False,False,False,False,False,False,False,False
harder_samples,Anlernbilder (377).jpg,2,True,False,False,False,False,True,False,False,False
harder_samples,Anlernbilder (378).jpg,2,True,False,False,True,True,False,False,False,False
harder_samples,Anlernbilder (379).jpg,1,False,False,False,False,False,False,False,False,False
harder_samples,Anlernbilder (38).jpg,4,True,False,False,False,True,True,False,False,False
harder_samples,Anlernbilder (380).jpg,4,True,False,False,False,False,True,False,True,False
harder_samples,Anlernbilder (381).jpg,2,True,False,False,False,False,True,False,False,False
harder_samples,Anlernbilder (382).jpg,3,True,False,False,True,True,True,False,False,False
harder_samples,Anlernbilder (383).jpg,3,True,False,True,False,False,True,False,False,False
harder_samples,Anlernbilder (384).jpg,3,True,False,False,False,False,False,False,False,False
harder_samples,Anlernbilder (385).jpg,2,True,False,False,True,False,True,False,False,False
harder_samples,Anlernbilder (386).jpg,3,True,False,False,False,False,True,True,False,False
harder_samples,Anlernbilder (387).jpg,1,False,False,False,False,False,False,False,False,False
harder_samples,Anlernbilder (388).jpg,3,True,False,False,False,False,True,False,False,False
harder_samples,Anlernbilder (389).jpg,5,True,False,False,False,False,True,False,False,False
harder_samples,Anlernbilder (39).jpg,1,False,False,False,False,False,False,False,False,False
harder_samples,Anlernbilder (390).jpg,1,False,False,False,False,False,False,True,False,False
harder_samples,Anlernbilder (391).jpg,3,True,False,False,True,True,True,False,False,False
harder_samples,Anlernbilder (392).jpg,2,True,False,False,True,False,True,False,False,False
harder_samples,Anlernbilder (393).jpg,2,True,False,False,False,False,True,False,False,False
harder_samples,Anlernbilder (394).jpg,2,True,False,False,False,False,False,False,False,False
harder_samples,Anlernbilder (395).jpg,2,True,False,False,False,False,True,False,False,False
harder_samples,Anlernbilder (396).jpg,1,False,False,False,False,False,False,False,False,False
harder_samples,Anlernbilder (397).jpg,2,False,True,False,False,False,True,False,False,False
harder_samples,Anlernbilder (398).jpg,2,True,False,False,False,False,True,False,True,False
harder_samples,Anlernbilder (399).jpg,2,True,False,False,False,False,True,False,False,False
harder_samples,Anlernbilder (4).jpg,0,False,False,False,False,False,False,False,False,False
harder_samples,Anlernbilder (40).jpg,3,True,False,False,True,False,True,False,False,False
harder_samples,Anlernbilder (400).jpg,4,True,False,False,True,False,True,False,False,False
harder_samples,Anlernbilder (401).jpg,2,False,True,False,False,False,True,False,False,False
harder_samples,Anlernbilder (402).jpg,2,True,False,False,False,False,True,False,False,False
harder_samples,Anlernbilder (403).jpg,1,False,False,False,False,False,False,False,False,False
harder_samples,Anlernbilder (404).jpg,2,True,False,False,True,False,True,False,False,False
harder_samples,Anlernbilder (405).jpg,2,False,True,False,False,False,True,False,False,False
harder_samples,Anlernbilder (406).jpg,2,True,False,False,False,False,False,False,False,False
harder_samples,Anlernbilder (407).jpg,3,True,False,False,False,True,True,False,False,False
harder_samples,Anlernbilder (408).jpg,2,True,False,False,True,False,True,False,False,False
harder_samples,Anlernbilder (409).jpg,2,False,True,False,False,False,True,False,False,False
harder_samples,Anlernbilder (41).jpg,2,True,False,False,False,False,False,False,False,False
harder_samples,Anlernbilder (410).jpg,2,False,True,False,False,False,True,False,False,False
harder_samples,Anlernbilder (411).jpg,3,True,False,False,False,False,True,False,False,False
harder_samples,Anlernbilder (412).jpg,2,False,True,False,False,False,False,False,False,False
harder_samples,Anlernbilder (413).jpg,2,True,False,False,False,False,True,True,False,False
harder_samples,Anlernbilder (414).jpg,2,False,True,False,False,False,False,False,False,False
harder_samples,Anlernbilder (415).jpg,2,True,False,False,False,False,False,False,False,False
harder_samples,Anlernbilder (416).jpg,2,True,False,False,False,False,False,False,False,False
harder_samples,Anlernbilder (417).jpg,3,False,False,False,True,True,True,False,False,False
harder_samples,Anlernbilder (418).jpg,2,True,False,False,False,False,False,True,False,False
harder_samples,Anlernbilder (419).jpg,2,True,False,False,False,False,False,False,False,False
harder_samples,Anlernbilder (42).jpg,2,True,False,False,True,False,True,False,False,False
harder_samples,Anlernbilder (420).jpg,2,True,False,False,False,False,True,False,False,False
harder_samples,Anlernbilder (421).jpg,3,True,False,False,True,False,True,False,False,False
harder_samples,Anlernbilder (422).jpg,2,True,False,False,True,False,True,False,False,False
harder_samples,Anlernbilder (423).jpg,2,False,True,False,False,False,True,False,False,False
harder_samples,Anlernbilder (424).jpg,2,True,False,False,False,False,True,False,False,False
harder_samples,Anlernbilder (425).jpg,3,True,False,False,False,False,True,False,False,False
harder_samples,Anlernbilder (426).jpg,2,True,False,False,False,False,False,False,False,False
harder_samples,Anlernbilder (427).jpg,2,True,False,False,True,False,True,False,False,False
harder_samples,Anlernbilder (428).jpg,2,True,False,False,False,False,False,False,False,False
harder_samples,Anlernbilder (429).jpg,1,False,False,False,True,False,False,False,False,False
harder_samples,Anlernbilder (43).jpg,2,False,True,False,False,False,True,False,False,False
harder_samples,Anlernbilder (430).jpg,2,False,True,False,False,False,True,False,False,False
harder_samples,Anlernbilder (431).jpg,2,True,False,False,False,False,False,True,False,False
harder_samples,Anlernbilder (432).jpg,2,True,False,False,True,False,True,False,False,False
harder_samples,Anlernbilder (433).jpg,2,False,True,False,False,False,True,False,False,False
harder_samples,Anlernbilder (434).jpg,3,True,False,False,True,False,True,False,False,False
harder_samples,Anlernbilder (435).jpg,3,True,False,False,True,True,True,False,False,False
harder_samples,Anlernbilder (436).jpg,3,True,False,False,False,False,True,False,False,False
harder_samples,Anlernbilder (437).jpg,2,True,False,False,False,False,True,False,False,False
harder_samples,Anlernbilder (438).jpg,2,True,False,False,False,False,True,False,False,False
harder_samples,Anlernbilder (439).jpg,2,True,False,False,False,False,True,True,False,False
harder_samples,Anlernbilder (44).jpg,2,True,False,False,False,False,True,False,False,False
harder_samples,Anlernbilder (440).jpg,2,True,False,False,False,False,True,False,False,False
harder_samples,Anlernbilder (441).jpg,1,False,False,False,False,False,False,False,False,False
harder_samples,Anlernbilder (442).jpg,2,True,False,False,False,False,True,False,False,False
harder_samples,Anlernbilder (443).jpg,2,False,True,False,False,False,True,False,False,False
harder_samples,Anlernbilder (444).jpg,2,True,False,False,False,False,True,False,False,False
harder_samples,Anlernbilder (445).jpg,2,True,False,False,True,False,True,False,False,False
harder_samples,Anlernbilder (446).jpg,2,False,True,False,False,False,True,False,False,False
harder_samples,Anlernbilder (447).jpg,2,True,False,False,False,False,True,False,False,False
harder_samples,Anlernbilder (448).jpg,1,False,False,False,False,False,False,False,False,False
harder_samples,Anlernbilder (449).jpg,2,True,False,False,False,False,True,False,False,False
harder_samples,Anlernbilder (45).jpg,1,False,False,False,False,False,False,False,False,False
harder_samples,Anlernbilder (450).jpg,3,True,False,False,True,False,True,False,False,False
harder_samples,Anlernbilder (451).jpg,1,False,False,False,False,False,False,False,False,False
harder_samples,Anlernbilder (452).jpg,2,True,False,False,False,False,True,False,False,False
harder_samples,Anlernbilder (453).jpg,2,True,False,False,False,False,True,False,False,False
harder_samples,Anlernbilder (454).jpg,3,True,False,False,True,True,True,False,False,False
harder_samples,Anlernbilder (455).jpg,2,True,False,False,True,False,True,False,False,False
harder_samples,Anlernbilder (456).jpg,2,True,False,False,False,False,True,False,False,False
harder_samples,Anlernbilder (457).jpg,1,False,False,False,False,False,False,False,False,False
harder_samples,Anlernbilder (458).jpg,2,True,False,False,True,False,True,False,False,False
harder_samples,Anlernbilder (459).jpg,2,True,False,False,False,False,True,False,False,False
harder_samples,Anlernbilder (46).jpg,2,True,False,False,False,False,True,False,False,False
harder_samples,Anlernbilder (460).jpg,2,True,False,False,True,False,True,False,False,False
harder_samples,Anlernbilder (461).jpg,2,True,False,False,False,False,True,False,False,False
harder_samples,Anlernbilder (462).jpg,3,True,False,False,True,True,True,False,False,False
harder_samples,Anlernbilder (463).jpg,2,True,False,False,True,False,True,False,False,False
harder_samples,Anlernbilder (464).jpg,2,True,False,False,False,False,True,False,False,False
harder_samples,Anlernbilder (465).jpg,3,True,False,False,False,False,True,False,False,False
harder_samples,Anlernbilder (466).jpg,2,True,False,False,False,False,True,False,False,False
harder_samples,Anlernbilder (467).jpg,2,True,False,False,True,False,True,False,False,False
harder_samples,Anlernbilder (468).jpg,2,True,False,False,True,False,True,False,False,False
harder_samples,Anlernbilder (469).jpg,2,True,False,False,False,False,True,False,False,False
harder_samples,Anlernbilder (47).jpg,2,False,True,False,False,False,False,False,False,False
harder_samples,Anlernbilder (470).jpg,2,True,False,False,False,False,False,False,False,False
harder_samples,Anlernbilder (471).jpg,1,False,False,False,False,False,False,False,False,False
harder_samples,Anlernbilder (472).jpg,1,False,False,False,False,False,False,False,False,False
harder_samples,Anlernbilder (473).jpg,2,True,False,False,False,False,False,False,False,False
harder_samples,Anlernbilder (474).jpg,2,True,False,False,False,False,True,False,False,False
harder_samples,Anlernbilder (475).jpg,2,True,False,False,False,False,False,False,False,False
harder_samples,Anlernbilder (476).jpg,2,True,False,False,True,False,True,False,False,False
harder_samples,Anlernbilder (477).jpg,3,True,False,False,True,False,True,False,False,False
harder_samples,Anlernbilder (478).jpg,2,True,False,False,False,False,True,False,False,False
harder_samples,Anlernbilder (479).jpg,3,True,False,False,False,True,True,False,False,False
harder_samples,Anlernbilder (48).jpg,2,True,False,False,False,False,False,False,False,False
harder_samples,Anlernbilder (480).jpg,2,True,False,False,True,False,True,False,False,False
harder_samples,Anlernbilder (481).jpg,2,True,False,False,False,False,False,False,False,False
harder_samples,Anlernbilder (482).jpg,2,False,True,False,False,False,True,False,False,False
harder_samples,Anlernbilder (483).jpg,2,True,False,False,True,False,False,False,False,False
harder_samples,Anlernbilder (484).jpg,1,False,False,False,False,False,False,False,False,False
harder_samples,Anlernbilder (485).jpg,2,False,True,False,False,False,True,False,False,False
harder_samples,Anlernbilder (486).jpg,2,True,False,False,True,False,True,False,False,False
harder_samples,Anlernbilder (487).jpg,3,True,False,False,True,True,True,False,False,False
harder_samples,Anlernbilder (488).jpg,2,True,False,False,False,True,True,False,False,False
harder_samples,Anlernbilder (489).jpg,2,True,False,False,False,False,False,False,False,False
harder_samples,Anlernbilder (49).jpg,2,True,False,False,False,False,True,False,False,False
harder_samples,Anlernbilder (490).jpg,2,True,False,False,False,False,True,False,False,False
harder_samples,Anlernbilder (491).jpg,2,True,False,False,False,False,True,True,False,False
harder_samples,Anlernbilder (492).jpg,2,True,False,False,False,False,False,False,False,False
harder_samples,Anlernbilder (493).jpg,1,False,False,False,False,False,False,False,False,False
harder_samples,Anlernbilder (494).jpg,1,False,False,False,False,False,False,True,False,True
harder_samples,Anlernbilder (495).jpg,2,False,True,False,False,False,False,False,False,False
harder_samples,Anlernbilder (496).jpg,2,True,False,False,False,False,True,True,False,True
harder_samples,Anlernbilder (497).jpg,2,False,True,False,False,False,True,False,False,False
harder_samples,Anlernbilder (498).jpg,3,True,False,False,False,False,True,False,False,False
harder_samples,Anlernbilder (499).jpg,2,True,False,False,False,False,True,False,False,False
harder_samples,Anlernbilder (5).jpg,1,False,False,False,False,False,False,False,False,False
harder_samples,Anlernbilder (50).jpg,2,True,False,False,True,False,False,False,False,False
harder_samples,Anlernbilder (500).jpg,2,True,False,False,False,False,True,False,False,False
harder_samples,Anlernbilder (501).jpg,2,True,False,False,False,False,True,False,False,False
harder_samples,Anlernbilder (502).jpg,3,True,False,False,False,False,True,False,False,False
harder_samples,Anlernbilder (503).jpg,2,True,False,False,False,False,True,False,False,False
harder_samples,Anlernbilder (504).jpg,2,True,False,False,True,False,True,False,False,False
harder_samples,Anlernbilder (505).jpg,2,True,False,False,False,False,True,True,False,False
harder_samples,Anlernbilder (506).jpg,2,False,True,False,False,False,False,False,False,False
harder_samples,Anlernbilder (507).jpg,2,False,True,False,False,False,True,False,False,False
harder_samples,Anlernbilder (508).jpg,2,False,True,False,False,False,False,False,False,False
harder_samples,Anlernbilder (509).jpg,3,True,False,False,False,False,True,False,False,False
harder_samples,Anlernbilder (51).jpg,3,True,False,False,False,True,True,False,False,False
harder_samples,Anlernbilder (510).jpg,2,True,False,False,True,False,True,False,False,False
harder_samples,Anlernbilder (511).jpg,2,True,False,False,False,False,True,True,False,False
harder_samples,Anlernbilder (512).jpg,2,True,False,False,False,False,False,False,False,False
harder_samples,Anlernbilder (513).jpg,2,True,False,False,False,False,True,True,False,False
harder_samples,Anlernbilder (514).jpg,2,True,False,False,False,False,False,False,False,False
harder_samples,Anlernbilder (515).jpg,4,True,False,False,True,True,True,False,False,False
harder_samples,Anlernbilder (516).jpg,1,False,False,False,False,False,False,False,False,False
harder_samples,Anlernbilder (517).jpg,2,True,False,False,False,False,False,True,False,False
harder_samples,Anlernbilder (518).jpg,2,True,False,False,False,False,True,False,False,False
harder_samples,Anlernbilder (519).jpg,2,True,False,False,False,False,True,False,False,False
harder_samples,Anlernbilder (52).jpg,3,True,False,False,True,True,True,False,False,False
harder_samples,Anlernbilder (520).jpg,2,True,False,False,False,False,True,False,True,False
harder_samples,Anlernbilder (521).jpg,3,True,False,False,False,False,True,False,False,False
harder_samples,Anlernbilder (522).jpg,2,True,False,False,False,False,True,False,False,False
harder_samples,Anlernbilder (523).jpg,2,True,False,False,False,False,False,False,False,False
harder_samples,Anlernbilder (524).jpg,3,True,False,False,True,True,True,False,False,False
harder_samples,Anlernbilder (525).jpg,1,False,False,False,False,False,False,False,False,False
harder_samples,Anlernbilder (526).jpg,2,True,False,False,False,False,False,False,False,False
harder_samples,Anlernbilder (527).jpg,2,False,True,False,False,False,True,False,False,False
harder_samples,Anlernbilder (528).jpg,4,True,False,False,True,True,True,False,False,False
harder_samples,Anlernbilder (529).jpg,2,True,False,False,False,False,True,True,False,False
harder_samples,Anlernbilder (53).jpg,2,True,False,False,False,False,True,False,False,True
harder_samples,Anlernbilder (530).jpg,3,True,False,False,False,True,True,False,False,False
harder_samples,Anlernbilder (531).jpg,1,False,False,False,False,False,False,False,False,False
harder_samples,Anlernbilder (532).jpg,2,True,False,False,True,False,True,False,False,False
harder_samples,Anlernbilder (533).jpg,2,True,False,False,False,False,False,True,False,False
harder_samples,Anlernbilder (534).jpg,2,True,False,False,True,False,False,False,False,False
harder_samples,Anlernbilder (535).jpg,3,True,False,False,True,False,True,False,False,True
harder_samples,Anlernbilder (536).jpg,2,True,False,False,True,False,True,False,False,False
harder_samples,Anlernbilder (537).jpg,2,False,True,False,False,False,True,False,False,False
harder_samples,Anlernbilder (538).jpg,3,True,False,False,False,True,True,False,False,False
harder_samples,Anlernbilder (539).jpg,2,True,False,False,True,False,True,False,False,False
harder_samples,Anlernbilder (54).jpg,2,True,False,False,False,False,False,False,False,False
harder_samples,Anlernbilder (540).jpg,2,True,False,False,False,False,True,False,False,False
harder_samples,Anlernbilder (541).jpg,2,False,False,False,False,False,True,True,False,False
harder_samples,Anlernbilder (542).jpg,2,False,True,False,False,False,True,False,False,False
harder_samples,Anlernbilder (543).jpg,1,False,False,False,True,False,False,False,False,False
harder_samples,Anlernbilder (544).jpg,2,True,False,False,True,False,True,False,False,False
harder_samples,Anlernbilder (545).jpg,2,True,False,False,False,False,True,False,False,False
harder_samples,Anlernbilder (546).jpg,1,False,False,False,False,False,False,False,False,False
harder_samples,Anlernbilder (547).jpg,2,True,False,False,False,False,True,False,False,False
harder_samples,Anlernbilder (548).jpg,3,True,False,False,True,True,True,False,False,False
harder_samples,Anlernbilder (549).jpg,3,True,False,False,True,False,True,False,False,False
harder_samples,Anlernbilder (55).jpg,3,True,False,False,False,False,True,False,False,False
harder_samples,Anlernbilder (550).jpg,3,True,False,False,True,True,True,False,False,False
harder_samples,Anlernbilder (551).jpg,2,True,False,False,False,False,True,False,False,False
harder_samples,Anlernbilder (552).jpg,3,True,False,False,False,False,True,False,False,False
harder_samples,Anlernbilder (553).jpg,3,True,False,False,True,True,True,False,False,False
harder_samples,Anlernbilder (554).jpg,2,True,False,False,False,False,True,False,False,False
harder_samples,Anlernbilder (555).jpg,2,True,False,False,True,False,True,False,False,False
harder_samples,Anlernbilder (556).jpg,3,True,False,False,True,False,True,False,False,False
harder_samples,Anlernbilder (557).jpg,2,True,False,False,False,False,False,False,False,False
harder_samples,Anlernbilder (558).jpg,2,True,False,False,False,False,True,True,False,False
harder_samples,Anlernbilder (559).jpg,2,True,False,False,False,False,True,True,True,False
harder_samples,Anlernbilder (56).jpg,2,True,False,False,False,False,True,False,False,False
harder_samples,Anlernbilder (560).jpg,2,True,False,False,False,False,True,False,False,False
harder_samples,Anlernbilder (561).jpg,2,False,True,False,False,False,True,False,False,False
harder_samples,Anlernbilder (562).jpg,2,False,True,False,False,False,True,False,False,False
harder_samples,Anlernbilder (563).jpg,3,True,False,False,True,True,True,False,False,False
harder_samples,Anlernbilder (564).jpg,1,False,False,False,False,False,False,False,False,False
harder_samples,Anlernbilder (565).jpg,3,True,False,False,True,True,True,False,False,False
harder_samples,Anlernbilder (566).jpg,2,True,False,False,False,False,True,False,False,False
harder_samples,Anlernbilder (567).jpg,2,True,False,False,False,False,True,False,False,False
harder_samples,Anlernbilder (568).jpg,1,False,False,False,True,False,False,False,False,False
harder_samples,Anlernbilder (569).jpg,2,True,False,False,False,False,False,False,False,False
harder_samples,Anlernbilder (57).jpg,2,True,False,False,True,False,True,False,False,False
harder_samples,Anlernbilder (570).jpg,2,True,False,False,True,False,True,False,False,False
harder_samples,Anlernbilder (571).jpg,3,True,False,False,True,True,True,False,False,False
harder_samples,Anlernbilder (572).jpg,2,True,False,False,False,False,True,False,False,False
harder_samples,Anlernbilder (573).jpg,1,False,False,False,False,False,False,False,False,False
harder_samples,Anlernbilder (574).jpg,2,True,False,False,False,False,False,False,False,False
harder_samples,Anlernbilder (575).jpg,2,True,False,False,False,False,True,True,False,False
harder_samples,Anlernbilder (576).jpg,2,False,True,False,False,False,False,False,False,False
harder_samples,Anlernbilder (577).jpg,2,False,True,False,False,False,True,False,False,False
harder_samples,Anlernbilder (578).jpg,2,True,False,False,True,False,True,False,False,False
harder_samples,Anlernbilder (579).jpg,2,True,False,False,False,False,True,False,False,False
harder_samples,Anlernbilder (58).jpg,2,True,False,False,False,False,True,False,False,False
harder_samples,Anlernbilder (580).jpg,2,True,False,False,False,False,True,False,False,False
harder_samples,Anlernbilder (581).jpg,2,True,False,False,False,False,True,False,False,False
harder_samples,Anlernbilder (582).jpg,2,True,False,False,False,False,True,False,False,False
harder_samples,Anlernbilder (583).jpg,2,True,False,False,False,False,True,False,False,False
harder_samples,Anlernbilder (584).jpg,2,True,False,False,False,False,False,False,False,False
harder_samples,Anlernbilder (585).jpg,2,True,False,False,False,False,True,False,False,True
harder_samples,Anlernbilder (586).jpg,1,False,False,False,False,False,False,False,False,False
harder_samples,Anlernbilder (587).jpg,1,False,False,False,False,False,False,False,False,False
harder_samples,Anlernbilder (59).jpg,2,True,False,False,False,False,True,False,False,False
harder_samples,Anlernbilder (6).jpg,1,False,False,False,False,False,False,False,False,False
harder_samples,Anlernbilder (60).jpg,2,True,False,False,False,False,True,False,False,False
harder_samples,Anlernbilder (61).jpg,1,False,False,False,False,False,False,False,False,False
harder_samples,Anlernbilder (62).jpg,2,False,True,False,True,False,True,False,False,False
harder_samples,Anlernbilder (63).jpg,2,True,False,False,True,False,True,False,False,False
harder_samples,Anlernbilder (64).jpg,1,False,False,False,False,False,False,False,False,False
harder_samples,Anlernbilder (65).jpg,2,True,False,False,False,False,False,False,False,False
harder_samples,Anlernbilder (66).jpg,3,True,False,False,False,False,True,False,False,False
harder_samples,Anlernbilder (67).jpg,2,True,False,False,True,False,True,False,False,False
harder_samples,Anlernbilder (68).jpg,3,True,False,False,False,False,True,False,False,False
harder_samples,Anlernbilder (69).jpg,2,True,False,False,True,False,True,False,False,False
harder_samples,Anlernbilder (7).jpg,1,False,False,False,False,False,False,False,False,False
harder_samples,Anlernbilder (70).jpg,2,True,False,False,False,False,False,False,False,False
harder_samples,Anlernbilder (71).jpg,2,True,False,False,True,False,True,False,False,False
harder_samples,Anlernbilder (72).jpg,2,True,False,False,False,False,True,False,False,False
harder_samples,Anlernbilder (73).jpg,2,True,False,False,True,True,False,False,False,False
harder_samples,Anlernbilder (74).jpg,5,True,False,False,True,True,True,False,False,False
harder_samples,Anlernbilder (75).jpg,2,True,False,False,True,True,False,False,False,False
harder_samples,Anlernbilder (76).jpg,3,True,False,False,False,False,True,False,False,False
harder_samples,Anlernbilder (77).jpg,2,True,False,False,False,False,True,False,False,False
harder_samples,Anlernbilder (78).jpg,4,True,False,False,True,False,True,False,False,False
harder_samples,Anlernbilder (79).jpg,2,True,False,False,True,False,True,False,False,False
harder_samples,Anlernbilder (8).jpg,1,False,False,False,False,False,False,False,False,False
harder_samples,Anlernbilder (80).jpg,3,True,False,False,False,False,True,False,False,False
harder_samples,Anlernbilder (81).jpg,2,True,False,False,False,False,True,True,False,False
harder_samples,Anlernbilder (82).jpg,4,True,False,False,False,False,True,True,False,False
harder_samples,Anlernbilder (83).jpg,2,True,False,False,False,False,False,False,False,False
harder_samples,Anlernbilder (84).jpg,2,True,False,False,False,False,True,False,False,False
harder_samples,Anlernbilder (85).jpg,2,True,False,False,True,False,True,True,False,False
harder_samples,Anlernbilder (86).jpg,2,True,False,False,False,False,False,False,False,False
harder_samples,Anlernbilder (87).jpg,2,True,False,False,True,False,False,False,False,False
harder_samples,Anlernbilder (88).jpg,3,True,False,False,False,False,True,False,False,False
harder_samples,Anlernbilder (89).jpg,2,True,False,False,True,False,True,False,False,False
harder_samples,Anlernbilder (9).jpg,2,False,True,False,False,False,True,False,False,False
harder_samples,Anlernbilder (90).jpg,4,True,False,False,False,False,True,False,False,False
harder_samples,Anlernbilder (91).jpg,3,True,False,False,False,False,True,False,False,False
harder_samples,Anlernbilder (92).jpg,3,True,False,False,False,False,True,False,False,False
harder_samples,Anlernbilder (93).jpg,2,True,False,False,True,False,True,False,False,False
harder_samples,Anlernbilder (94).jpg,3,True,False,False,False,False,True,False,False,False
harder_samples,Anlernbilder (95).jpg,2,True,False,False,False,False,False,False,False,False
harder_samples,Anlernbilder (96).jpg,3,False,True,False,False,False,True,False,False,False
harder_samples,Anlernbilder (97).jpg,2,True,False,False,False,False,True,False,False,False
harder_samples,Anlernbilder (98).jpg,2,False,True,False,False,False,False,False,False,True
harder_samples,Anlernbilder (99).jpg,3,True,False,False,True,False,True,False,False,False
