folder,name,count,edge,different colors,one color,transparent,inside,overlapping,dark color,open lid,issue
cluttered,Anlerndaten (1).jpg,1,False,False,False,False,False,False,False,False,False
cluttered,Anlerndaten (10).jpg,1,False,False,False,True,False,False,False,False,False
cluttered,Anlerndaten (100).jpg,1,False,False,False,False,False,False,True,False,False
cluttered,Anlerndaten (1000).jpg,1,False,False,False,False,False,False,False,False,False
cluttered,Anlerndaten (1001).jpg,1,False,False,False,True,False,False,False,False,False
cluttered,Anlerndaten (1002).jpg,0,False,False,False,False,False,False,False,False,False
cluttered,Anlerndaten (1003).jpg,0,False,False,False,False,False,False,False,False,False
cluttered,Anlerndaten (1004).jpg,2,False,True,False,False,False,True,False,False,False
cluttered,Anlerndaten (1005).jpg,0,False,False,False,False,False,False,False,False,False
cluttered,Anlerndaten (1006).jpg,1,False,False,False,False,False,False,False,False,False
cluttered,Anlerndaten (1007).jpg,1,False,False,False,False,False,False,False,False,False
cluttered,Anlerndaten (1008).jpg,1,False,False,False,False,False,False,False,False,False
cluttered,Anlerndaten (1009).jpg,2,False,True,False,False,False,True,False,False,False
cluttered,Anlerndaten (101).jpg,2,False,True,False,True,True,True,False,False,False
cluttered,Anlerndaten (1010).jpg,1,False,False,False,False,False,False,False,False,False
cluttered,Anlerndaten (1011).jpg,2,False,True,False,False,False,True,False,False,False
cluttered,Anlerndaten (1012).jpg,0,False,False,False,False,False,False,False,False,False
cluttered,Anlerndaten (1013).jpg,1,False,False,False,False,False,False,True,False,False
cluttered,Anlerndaten (1014).jpg,1,False,False,False,False,False,False,False,False,False
cluttered,Anlerndaten (1015).jpg,2,False,True,False,True,False,True,False,False,False
cluttered,Anlerndaten (1016).jpg,2,False,True,False,True,False,True,True,False,False
cluttered,Anlerndaten (1017).jpg,0,False,False,False,False,False,False,False,False,False
cluttered,Anlerndaten (1018).jpg,0,False,False,False,False,False,False,False,False,False
cluttered,Anlerndaten (1019).jpg,0,False,False,False,False,False,False,False,False,False
cluttered,Anlerndaten (102).jpg,2,False,False,True,False,False,True,False,False,False
cluttered,Anlerndaten (1020).jpg,0,False,False,False,False,False,False,False,False,False
cluttered,Anlerndaten (1021).jpg,1,False,False,False,False,False,False,False,False,False
cluttered,Anlerndaten (1022).jpg,0,False,False,False,False,False,False,False,False,False
cluttered,Anlerndaten (1023).jpg,0,False,False,False,False,False,False,False,False,False
cluttered,Anlerndaten (1024).jpg,1,False,False,False,True,False,False,False,False,False
cluttered,Anlerndaten (1025).jpg,0,False,False,False,False,False,False,False,False,False
cluttered,Anlerndaten (1026).jpg,1,False,False,False,True,False,False,False,False,False
cluttered,Anlerndaten (1027).jpg,0,False,False,False,False,False,False,False,False,False
cluttered,Anlerndaten (1028).jpg,1,False,False,False,False,False,False,False,False,False
cluttered,Anlerndaten (1029).jpg,1,False,False,False,False,False,False,False,False,False
cluttered,Anlerndaten (103).jpg,2,False,True,False,True,False,True,False,False,False
cluttered,Anlerndaten (1030).jpg,0,False,False,False,False,False,False,False,False,False
cluttered,Anlerndaten (1031).jpg,1,False,False,False,False,False,False,False,False,False
cluttered,Anlerndaten (1032).jpg,1,False,False,False,True,False,False,False,False,False
cluttered,Anlerndaten (1033).jpg,1,False,False,False,False,False,False,False,False,False
cluttered,Anlerndaten (1034).jpg,1,False,False,False,False,False,False,False,False,False
cluttered,Anlerndaten (1035).jpg,1,False,False,False,False,False,False,False,False,False
cluttered,Anlerndaten (1036).jpg,0,False,False,False,False,False,False,False,False,False
cluttered,Anlerndaten (1037).jpg,2,False,True,False,True,False,True,False,False,False
cluttered,Anlerndaten (1038).jpg,1,False,False,False,False,False,False,False,False,False
cluttered,Anlerndaten (1039).jpg,1,False,False,False,False,False,False,False,False,False
cluttered,Anlerndaten (104).jpg,2,False,True,False,False,False,True,True,False,False
cluttered,Anlerndaten (1040).jpg,0,False,False,False,False,False,False,False,False,False
cluttered,Anlerndaten (1041).jpg,2,False,False,True,True,False,True,False,False,False
cluttered,Anlerndaten (1042).jpg,2,False,False,True,True,True,False,False,False,False
cluttered,Anlerndaten (1043).jpg,0,False,False,False,False,False,False,False,False,False
cluttered,Anlerndaten (1044).jpg,0,False,False,False,False,False,False,False,False,False
cluttered,Anlerndaten (1045).jpg,1,False,False,False,False,False,False,False,False,False
cluttered,Anlerndaten (1046).jpg,1,False,False,False,False,False,False,False,False,False
cluttered,Anlerndaten (1047).jpg,2,False,False,False,False,False,False,False,False,False
cluttered,Anlerndaten (1048).jpg,0,False,False,False,False,False,False,False,False,False
cluttered,Anlerndaten (105).jpg,1,False,False,False,False,False,False,False,False,False
cluttered,Anlerndaten (106).jpg,2,False,True,False,False,False,True,False,False,False
cluttered,Anlerndaten (107).jpg,1,False,False,False,False,False,False,False,False,False
cluttered,Anlerndaten (108).jpg,2,False,True,False,True,False,True,False,False,False
cluttered,Anlerndaten (109).jpg,3,False,True,False,False,False,True,False,False,False
cluttered,Anlerndaten (11).jpg,2,False,True,False,False,False,True,True,False,False
cluttered,Anlerndaten (110).jpg,0,False,False,False,False,False,False,False,False,False
cluttered,Anlerndaten (111).jpg,1,False,False,False,False,False,False,False,False,False
cluttered,Anlerndaten (112).jpg,2,False,True,False,False,False,False,False,False,False
cluttered,Anlerndaten (113).jpg,1,False,False,False,False,False,False,False,False,False
cluttered,Anlerndaten (114).jpg,1,False,False,False,False,False,False,False,False,False
cluttered,Anlerndaten (115).jpg,2,False,True,False,False,True,True,True,False,False
cluttered,Anlerndaten (116).jpg,1,False,False,False,True,False,False,False,False,False
cluttered,Anlerndaten (117).jpg,1,False,False,False,False,False,False,False,False,False
cluttered,Anlerndaten (118).jpg,1,False,False,False,False,False,False,False,False,False
cluttered,Anlerndaten (119).jpg,1,False,False,False,False,False,False,False,False,False
cluttered,Anlerndaten (12).jpg,1,False,False,False,False,False,False,False,False,False
cluttered,Anlerndaten (120).jpg,0,False,False,False,False,False,False,False,False,False
cluttered,Anlerndaten (121).jpg,0,False,False,False,False,False,False,False,False,False
cluttered,Anlerndaten (122).jpg,1,False,False,False,True,False,False,False,False,False
cluttered,Anlerndaten (123).jpg,1,False,False,False,False,False,False,False,False,False
cluttered,Anlerndaten (124).jpg,2,False,True,False,False,False,False,False,False,False
cluttered,Anlerndaten (125).jpg,1,False,False,False,False,False,False,False,False,False
cluttered,Anlerndaten (126).jpg,1,False,False,False,False,False,False,False,False,False
cluttered,Anlerndaten (127).jpg,1,False,False,False,False,False,False,False,False,False
cluttered,Anlerndaten (128).jpg,1,False,False,False,False,False,False,False,False,False
cluttered,Anlerndaten (129).jpg,2,False,False,True,False,False,True,False,False,False
cluttered,Anlerndaten (13).jpg,1,False,False,False,False,False,False,True,False,False
cluttered,Anlerndaten (130).jpg,1,False,False,False,False,False,False,False,False,False
cluttered,Anlerndaten (131).jpg,3,False,True,False,True,False,True,False,False,False
cluttered,Anlerndaten (132).jpg,1,False,False,False,False,False,False,False,False,False
cluttered,Anlerndaten (133).jpg,0,False,False,False,False,False,False,False,False,False
cluttered,Anlerndaten (134).jpg,0,False,False,False,False,False,False,False,False,False
cluttered,Anlerndaten (135).jpg,1,False,False,False,False,False,False,False,False,False
cluttered,Anlerndaten (136).jpg,0,False,False,False,False,False,False,False,False,False
cluttered,Anlerndaten (137).jpg,1,False,False,False,False,False,False,False,False,False
cluttered,Anlerndaten (138).jpg,2,False,False,True,False,False,False,False,False,False
cluttered,Anlerndaten (139).jpg,2,False,True,False,False,False,False,False,False,False
cluttered,Anlerndaten (14).jpg,1,False,False,False,False,False,False,False,True,False
cluttered,Anlerndaten (140).jpg,2,False,True,False,False,False,True,False,False,False
cluttered,Anlerndaten (141).jpg,2,False,False,True,False,False,True,False,False,False
cluttered,Anlerndaten (142).jpg,1,False,False,False,False,False,False,False,False,False
cluttered,Anlerndaten (143).jpg,0,False,False,False,False,False,False,False,False,False
cluttered,Anlerndaten (144).jpg,2,False,True,False,True,False,False,False,False,False
cluttered,Anlerndaten (145).jpg,2,False,True,False,False,False,True,False,False,False
cluttered,Anlerndaten (146).jpg,3,False,True,False,False,False,True,False,False,False
cluttered,Anlerndaten (147).jpg,1,False,False,False,False,False,False,False,False,False
cluttered,Anlerndaten (148).jpg,1,False,False,False,False,False,False,False,False,False
cluttered,Anlerndaten (149).jpg,1,False,False,False,False,False,False,False,False,False
cluttered,Anlerndaten (15).jpg,2,False,True,False,False,False,True,True,False,False
cluttered,Anlerndaten (150).jpg,1,False,False,False,False,False,False,False,False,False
cluttered,Anlerndaten (151).jpg,1,False,False,False,False,False,False,False,False,False
cluttered,Anlerndaten (152).jpg,2,False,True,False,False,False,True,False,False,False
cluttered,Anlerndaten (153).jpg,1,False,False,False,False,False,False,False,False,False
cluttered,Anlerndaten (154).jpg,1,False,False,False,False,False,False,False,False,False
cluttered,Anlerndaten (155).jpg,1,False,False,False,False,False,False,False,False,False
cluttered,Anlerndaten (156).jpg,2,False,False,True,False,False,True,False,False,False
cluttered,Anlerndaten (157).jpg,1,False,False,False,False,False,False,False,False,False
cluttered,Anlerndaten (158).jpg,1,False,False,False,False,False,False,False,False,False
cluttered,Anlerndaten (159).jpg,1,False,False,False,False,False,False,False,False,False
cluttered,Anlerndaten (16).jpg,1,False,False,False,False,False,False,False,False,False
cluttered,Anlerndaten (160).jpg,1,False,False,False,False,False,False,False,False,False
cluttered,Anlerndaten (161).jpg,2,False,True,False,False,False,True,True,False,False
cluttered,Anlerndaten (162).jpg,1,False,False,False,False,False,False,False,False,False
cluttered,Anlerndaten (163).jpg,1,False,False,False,False,False,False,True,False,False
cluttered,Anlerndaten (164).jpg,3,False,True,False,True,False,True,False,False,False
cluttered,Anlerndaten (165).jpg,2,False,True,False,False,False,True,False,False,False
cluttered,Anlerndaten (166).jpg,1,False,False,False,False,False,False,False,False,False
cluttered,Anlerndaten (167).jpg,1,False,False,False,False,False,False,False,False,False
cluttered,Anlerndaten (168).jpg,2,False,True,False,True,True,False,False,False,False
cluttered,Anlerndaten (169).jpg,2,False,True,False,False,False,True,True,False,False
cluttered,Anlerndaten (17).jpg,0,False,False,False,False,False,False,False,False,False
cluttered,Anlerndaten (170).jpg,2,False,True,False,False,False,True,True,False,False
cluttered,Anlerndaten (171).jpg,1,False,False,False,False,False,False,False,False,False
cluttered,Anlerndaten (172).jpg,1,False,False,False,False,False,False,False,False,False
cluttered,Anlerndaten (173).jpg,0,False,False,False,False,False,False,False,False,False
cluttered,Anlerndaten (174).jpg,2,False,True,False,False,False,False,True,False,False
cluttered,Anlerndaten (175).jpg,2,False,True,False,False,False,True,False,False,False
cluttered,Anlerndaten (176).jpg,1,False,False,False,False,False,False,False,False,False
cluttered,Anlerndaten (177).jpg,1,False,False,False,False,False,False,False,False,False
cluttered,Anlerndaten (178).jpg,1,False,False,False,False,False,False,False,False,False
cluttered,Anlerndaten (179).jpg,1,False,False,False,False,False,False,False,False,False
cluttered,Anlerndaten (18).jpg,0,False,False,False,False,False,False,False,False,False
cluttered,Anlerndaten (180).jpg,3,False,True,False,True,True,True,True,False,False
cluttered,Anlerndaten (181).jpg,1,False,False,False,False,False,False,False,False,False
cluttered,Anlerndaten (182).jpg,1,False,False,False,False,False,False,False,False,False
cluttered,Anlerndaten (183).jpg,3,False,True,False,True,True,True,False,False,False
cluttered,Anlerndaten (184).jpg,1,False,False,False,False,False,False,False,False,False
cluttered,Anlerndaten (185).jpg,2,False,True,False,False,False,True,False,False,False
cluttered,Anlerndaten (186).jpg,2,False,False,True,False,False,True,False,False,False
cluttered,Anlerndaten (187).jpg,1,False,False,False,False,False,False,False,False,False
cluttered,Anlerndaten (188).jpg,1,False,False,False,False,False,False,False,False,False
cluttered,Anlerndaten (189).jpg,1,False,False,False,False,False,False,False,False,False
cluttered,Anlerndaten (19).jpg,0,False,False,False,False,False,False,False,False,False
cluttered,Anlerndaten (190).jpg,1,False,False,False,False,False,False,False,False,False
cluttered,Anlerndaten (191).jpg,1,False,False,False,False,False,False,False,False,False
cluttered,Anlerndaten (192).jpg,1,False,False,False,False,False,False,False,False,False
cluttered,Anlerndaten (193).jpg,1,False,False,False,False,False,False,False,False,False
cluttered,Anlerndaten (194).jpg,1,False,False,False,False,False,False,False,False,False
cluttered,Anlerndaten (195).jpg,1,False,False,False,False,False,False,False,False,False
cluttered,Anlerndaten (196).jpg,1,False,False,False,True,False,False,False,False,False
cluttered,Anlerndaten (197).jpg,1,False,False,False,False,False,False,False,False,False
cluttered,Anlerndaten (198).jpg,1,False,False,False,False,False,False,False,False,False
cluttered,Anlerndaten (199).jpg,4,False,True,False,True,False,True,True,False,False
cluttered,Anlerndaten (2).jpg,1,False,False,False,False,False,False,False,False,False
cluttered,Anlerndaten (20).jpg,1,False,False,False,False,False,False,False,False,False
cluttered,Anlerndaten (200).jpg,4,False,True,False,False,False,True,False,False,False
cluttered,Anlerndaten (201).jpg,1,False,False,False,False,False,False,False,False,False
cluttered,Anlerndaten (202).jpg,3,False,True,False,False,False,True,False,False,False
cluttered,Anlerndaten (203).jpg,0,False,False,False,False,False,False,False,False,False
cluttered,Anlerndaten (204).jpg,2,False,False,True,False,False,True,False,False,False
cluttered,Anlerndaten (205).jpg,1,False,False,False,False,False,False,False,False,False
cluttered,Anlerndaten (206).jpg,1,False,False,False,False,False,False,False,False,False
cluttered,Anlerndaten (207).jpg,2,False,True,False,False,False,False,True,False,False
cluttered,Anlerndaten (208).jpg,1,False,False,False,False,False,False,False,False,False
cluttered,Anlerndaten (209).jpg,1,False,False,False,False,False,False,False,False,False
cluttered,Anlerndaten (21).jpg,2,False,True,False,True,True,False,False,False,False
cluttered,Anlerndaten (210).jpg,3,False,True,False,False,False,True,False,False,False
cluttered,Anlerndaten (211).jpg,1,False,False,False,False,False,False,False,False,False
cluttered,Anlerndaten (212).jpg,2,False,True,False,True,False,True,False,False,False
cluttered,Anlerndaten (213).jpg,1,False,False,False,False,False,False,False,False,False
cluttered,Anlerndaten (214).jpg,2,False,False,True,False,False,True,False,False,False
cluttered,Anlerndaten (215).jpg,2,False,True,False,False,False,True,False,False,False
cluttered,Anlerndaten (216).jpg,1,False,False,False,False,False,False,False,False,False
cluttered,Anlerndaten (217).jpg,2,False,False,True,False,False,True,False,False,False
cluttered,Anlerndaten (218).jpg,2,False,True,False,True,True,False,False,False,False
cluttered,Anlerndaten (219).jpg,1,False,False,False,False,False,False,False,False,False
cluttered,Anlerndaten (22).jpg,1,False,False,False,False,False,False,False,False,False
cluttered,Anlerndaten (220).jpg,1,False,False,False,False,False,False,False,False,False
cluttered,Anlerndaten (221).jpg,1,False,False,False,False,False,False,False,False,False
cluttered,Anlerndaten (222).jpg,1,False,False,False,False,False,False,False,False,False
cluttered,Anlerndaten (223).jpg,1,False,False,False,False,False,False,False,False,False
cluttered,Anlerndaten (224).jpg,1,False,False,False,False,False,False,False,False,False
cluttered,Anlerndaten (225).jpg,1,False,False,False,False,False,False,False,False,False
cluttered,Anlerndaten (226).jpg,3,False,True,False,False,False,True,False,False,False
cluttered,Anlerndaten (227).jpg,1,False,False,False,False,False,False,False,False,False
cluttered,Anlerndaten (228).jpg,3,False,True,False,False,False,True,False,False,False
cluttered,Anlerndaten (229).jpg,3,False,True,False,False,False,True,False,False,False
cluttered,Anlerndaten (23).jpg,1,False,False,False,False,False,False,True,False,False
cluttered,Anlerndaten (230).jpg,2,False,True,False,False,False,False,False,False,False
cluttered,Anlerndaten (231).jpg,4,False,True,False,True,True,True,False,False,False
cluttered,Anlerndaten (232).jpg,1,False,False,False,False,False,False,False,False,False
cluttered,Anlerndaten (233).jpg,3,False,True,False,False,False,True,False,False,False
cluttered,Anlerndaten (234).jpg,0,False,False,False,False,False,False,False,False,False
cluttered,Anlerndaten (235).jpg,3,False,True,False,False,False,True,False,False,False
cluttered,Anlerndaten (236).jpg,1,False,False,False,False,False,False,False,False,False
cluttered,Anlerndaten (237).jpg,1,False,False,False,False,False,False,False,False,False
cluttered,Anlerndaten (238).jpg,1,False,False,False,False,False,False,False,False,False
cluttered,Anlerndaten (239).jpg,1,False,False,False,False,False,False,False,False,False
cluttered,Anlerndaten (24).jpg,1,False,False,False,False,False,False,False,False,False
cluttered,Anlerndaten (240).jpg,3,False,True,False,True,True,True,False,False,False
cluttered,Anlerndaten (241).jpg,1,False,False,False,False,False,False,False,False,False
cluttered,Anlerndaten (242).jpg,1,False,False,False,False,False,False,False,False,False
cluttered,Anlerndaten (243).jpg,0,False,False,False,False,False,False,False,False,False
cluttered,Anlerndaten (244).jpg,3,False,True,False,True,False,True,False,False,False
cluttered,Anlerndaten (245).jpg,1,False,False,False,False,False,False,False,False,False
cluttered,Anlerndaten (246).jpg,2,False,True,False,False,False,False,False,False,False
cluttered,Anlerndaten (247).jpg,1,False,False,False,False,False,False,False,False,False
cluttered,Anlerndaten (248).jpg,3,False,True,False,False,False,True,True,False,False
cluttered,Anlerndaten (249).jpg,1,False,False,False,False,False,False,False,False,False
cluttered,Anlerndaten (25).jpg,1,False,False,False,False,False,False,False,False,False
cluttered,Anlerndaten (250).jpg,1,False,False,False,False,False,False,False,False,False
cluttered,Anlerndaten (251).jpg,1,False,False,False,False,False,False,False,False,False
cluttered,Anlerndaten (252).jpg,1,False,False,False,False,False,False,False,False,False
cluttered,Anlerndaten (253).jpg,1,False,False,False,False,False,False,False,False,False
cluttered,Anlerndaten (254).jpg,1,False,False,False,False,False,False,False,False,False
cluttered,Anlerndaten (255).jpg,2,False,True,False,False,False,True,False,False,False
cluttered,Anlerndaten (256).jpg,1,False,False,False,False,False,False,False,False,False
cluttered,Anlerndaten (257).jpg,2,False,False,True,False,False,True,False,False,False
cluttered,Anlerndaten (258).jpg,1,False,False,False,False,False,False,False,False,False
cluttered,Anlerndaten (259).jpg,1,False,False,False,False,False,False,False,False,False
cluttered,Anlerndaten (26).jpg,1,False,False,False,False,False,False,False,False,False
cluttered,Anlerndaten (260).jpg,1,False,False,False,False,False,False,False,False,False
cluttered,Anlerndaten (261).jpg,1,False,False,False,False,False,False,False,False,False
cluttered,Anlerndaten (262).jpg,1,False,False,False,False,False,False,False,False,False
cluttered,Anlerndaten (263).jpg,2,False,True,False,True,False,True,False,False,False
cluttered,Anlerndaten (264).jpg,2,False,False,True,False,False,False,False,False,False
cluttered,Anlerndaten (265).jpg,1,False,False,False,True,False,False,False,False,False
cluttered,Anlerndaten (266).jpg,2,False,True,False,True,True,False,False,False,False
cluttered,Anlerndaten (267).jpg,1,False,False,False,False,False,False,False,False,False
cluttered,Anlerndaten (268).jpg,1,False,False,False,False,False,False,False,False,False
cluttered,Anlerndaten (269).jpg,1,False,False,False,False,False,False,False,False,False
cluttered,Anlerndaten (27).jpg,3,False,True,False,False,False,True,False,False,False
cluttered,Anlerndaten (270).jpg,1,False,False,False,False,False,False,False,False,False
cluttered,Anlerndaten (271).jpg,1,False,False,False,False,False,False,False,False,False
cluttered,Anlerndaten (272).jpg,1,False,False,False,False,False,False,False,False,False
cluttered,Anlerndaten (273).jpg,2,False,True,False,False,False,False,False,False,False
cluttered,Anlerndaten (274).jpg,2,False,True,False,False,False,True,False,False,False
cluttered,Anlerndaten (275).jpg,2,False,False,True,False,False,True,False,False,False
cluttered,Anlerndaten (276).jpg,2,False,True,False,True,False,True,False,False,False
cluttered,Anlerndaten (277).jpg,2,False,True,False,True,False,True,False,False,False
cluttered,Anlerndaten (278).jpg,1,False,False,False,False,False,False,False,False,False
cluttered,Anlerndaten (279).jpg,2,False,True,False,False,False,True,True,False,False
cluttered,Anlerndaten (28).jpg,3,False,True,False,False,False,True,False,False,False
cluttered,Anlerndaten (280).jpg,2,False,False,True,False,False,False,False,False,False
cluttered,Anlerndaten (281).jpg,0,False,False,False,False,False,False,False,False,False
cluttered,Anlerndaten (282).jpg,2,False,True,False,False,False,False,False,False,False
cluttered,Anlerndaten (283).jpg,1,False,False,False,False,False,False,False,False,False
cluttered,Anlerndaten (284).jpg,1,False,False,False,False,False,False,False,False,False
cluttered,Anlerndaten (285).jpg,2,False,True,False,False,False,True,False,False,False
cluttered,Anlerndaten (286).jpg,1,False,False,False,False,False,False,False,False,False
cluttered,Anlerndaten (287).jpg,3,False,True,False,False,False,True,False,False,False
cluttered,Anlerndaten (288).jpg,1,False,False,False,False,False,False,False,False,False
cluttered,Anlerndaten (289).jpg,1,False,False,False,False,False,False,False,False,False
cluttered,Anlerndaten (29).jpg,1,False,False,False,True,False,False,False,False,False
cluttered,Anlerndaten (290).jpg,3,True,True,False,False,False,True,False,False,False
cluttered,Anlerndaten (291).jpg,0,False,False,False,False,False,False,False,False,False
cluttered,Anlerndaten (292).jpg,1,False,False,False,False,False,False,False,False,False
cluttered,Anlerndaten (293).jpg,3,False,True,False,False,False,True,False,False,False
cluttered,Anlerndaten (294).jpg,2,False,True,False,False,True,True,False,False,False
cluttered,Anlerndaten (295).jpg,1,False,False,False,False,False,False,False,False,False
cluttered,Anlerndaten (296).jpg,2,False,True,False,False,False,False,False,False,False
cluttered,Anlerndaten (297).jpg,3,False,True,False,True,True,True,False,False,False
cluttered,Anlerndaten (298).jpg,2,False,True,False,True,True,True,False,False,False
cluttered,Anlerndaten (299).jpg,2,False,True,False,False,True,True,False,False,False
cluttered,Anlerndaten (3).jpg,1,False,False,False,False,False,False,False,False,False
cluttered,Anlerndaten (30).jpg,2,False,True,False,False,False,True,False,False,False
cluttered,Anlerndaten (300).jpg,0,False,False,False,False,False,False,False,False,False
cluttered,Anlerndaten (301).jpg,4,False,True,False,True,True,True,True,False,False
cluttered,Anlerndaten (302).jpg,3,False,False,True,False,False,True,False,False,False
cluttered,Anlerndaten (303).jpg,0,False,False,False,False,False,False,False,False,False
cluttered,Anlerndaten (304).jpg,1,False,False,False,True,False,False,False,False,False
cluttered,Anlerndaten (305).jpg,2,False,True,False,False,False,True,False,False,False
cluttered,Anlerndaten (306).jpg,2,False,True,False,False,False,True,False,False,False
cluttered,Anlerndaten (307).jpg,1,False,False,False,False,False,False,False,False,False
cluttered,Anlerndaten (308).jpg,1,False,False,False,False,False,False,False,False,False
cluttered,Anlerndaten (309).jpg,2,False,True,False,False,False,False,False,False,False
cluttered,Anlerndaten (31).jpg,1,False,False,False,False,False,False,False,False,False
cluttered,Anlerndaten (310).jpg,1,False,False,False,False,False,False,False,False,False
cluttered,Anlerndaten (311).jpg,1,False,False,False,True,False,False,False,False,False
cluttered,Anlerndaten (312).jpg,2,False,True,False,True,False,True,False,False,False
cluttered,Anlerndaten (313).jpg,1,False,False,False,False,False,False,False,False,False
cluttered,Anlerndaten (314).jpg,2,False,True,False,False,False,False,False,False,False
cluttered,Anlerndaten (315).jpg,1,False,False,False,False,False,False,False,False,False
cluttered,Anlerndaten (316).jpg,1,False,False,False,False,False,False,False,False,False
cluttered,Anlerndaten (317).jpg,1,False,False,False,False,False,False,False,False,False
cluttered,Anlerndaten (318).jpg,1,False,False,False,False,False,False,True,False,False
cluttered,Anlerndaten (319).jpg,1,False,False,False,False,False,False,False,False,False
cluttered,Anlerndaten (32).jpg,1,False,False,False,False,False,False,False,False,False
cluttered,Anlerndaten (320).jpg,1,False,False,False,False,False,False,False,False,False
cluttered,Anlerndaten (321).jpg,1,False,False,False,False,False,False,False,False,False
cluttered,Anlerndaten (322).jpg,2,False,True,False,False,False,True,False,False,False
cluttered,Anlerndaten (323).jpg,1,False,False,False,False,False,False,False,False,False
cluttered,Anlerndaten (324).jpg,1,False,False,False,False,False,False,False,False,False
cluttered,Anlerndaten (325).jpg,1,False,False,False,False,False,False,False,False,False
cluttered,Anlerndaten (326).jpg,1,False,False,False,True,False,False,False,False,False
cluttered,Anlerndaten (327).jpg,1,False,False,False,False,False,False,False,False,False
cluttered,Anlerndaten (328).jpg,1,False,False,False,False,False,False,False,True,False
cluttered,Anlerndaten (329).jpg,2,False,True,False,True,False,True,False,False,False
cluttered,Anlerndaten (33).jpg,2,False,True,False,False,False,True,True,False,False
cluttered,Anlerndaten (330).jpg,1,False,False,False,False,False,False,False,False,False
cluttered,Anlerndaten (331).jpg,2,False,True,False,False,False,False,False,False,False
cluttered,Anlerndaten (332).jpg,2,False,True,False,False,False,False,False,False,False
cluttered,Anlerndaten (333).jpg,2,False,True,False,False,False,True,False,False,False
cluttered,Anlerndaten (334).jpg,1,False,False,False,False,False,False,False,False,False
cluttered,Anlerndaten (335).jpg,2,False,True,False,True,False,False,False,False,False
cluttered,Anlerndaten (336).jpg,1,False,False,False,True,False,False,False,False,False
cluttered,Anlerndaten (337).jpg,2,False,True,False,True,False,True,False,False,False
cluttered,Anlerndaten (338).jpg,1,False,False,False,False,False,False,False,False,False
cluttered,Anlerndaten (339).jpg,1,False,False,False,False,False,False,False,False,False
cluttered,Anlerndaten (34).jpg,1,False,False,False,True,False,False,False,False,False
cluttered,Anlerndaten (340).jpg,2,False,False,True,False,False,False,False,False,False
cluttered,Anlerndaten (341).jpg,1,False,False,False,False,False,False,False,False,False
cluttered,Anlerndaten (342).jpg,1,False,False,False,False,False,False,False,False,False
cluttered,Anlerndaten (343).jpg,2,False,False,True,False,False,True,False,False,False
cluttered,Anlerndaten (344).jpg,1,False,False,False,True,False,False,False,False,False
cluttered,Anlerndaten (345).jpg,1,False,False,False,False,False,False,False,False,False
cluttered,Anlerndaten (346).jpg,1,False,False,False,False,False,False,False,False,False
cluttered,Anlerndaten (347).jpg,1,False,False,False,False,False,False,False,False,False
cluttered,Anlerndaten (348).jpg,1,False,False,False,True,False,False,False,False,False
cluttered,Anlerndaten (349).jpg,1,False,False,False,False,False,False,False,False,False
cluttered,Anlerndaten (35).jpg,1,False,False,False,False,False,False,False,False,False
cluttered,Anlerndaten (350).jpg,1,False,False,False,False,False,False,True,False,False
cluttered,Anlerndaten (351).jpg,1,False,False,False,False,False,False,False,False,False
cluttered,Anlerndaten (352).jpg,4,False,True,False,True,True,True,False,False,False
cluttered,Anlerndaten (353).jpg,1,False,False,False,False,False,False,False,False,False
cluttered,Anlerndaten (354).jpg,1,False,False,False,True,False,False,False,False,False
cluttered,Anlerndaten (355).jpg,1,False,False,False,False,False,False,False,False,False
cluttered,Anlerndaten (356).jpg,1,False,False,False,False,False,False,False,False,False
cluttered,Anlerndaten (357).jpg,1,False,False,False,False,False,False,False,False,False
cluttered,Anlerndaten (358).jpg,2,False,True,False,False,False,True,False,False,False
cluttered,Anlerndaten (359).jpg,1,False,False,False,False,False,False,False,False,False
cluttered,Anlerndaten (36).jpg,3,False,True,False,False,False,True,False,False,False
cluttered,Anlerndaten (360).jpg,1,False,False,False,False,False,False,False,False,False
cluttered,Anlerndaten (361).jpg,1,False,False,False,False,False,False,False,False,False
cluttered,Anlerndaten (362).jpg,0,False,False,False,False,False,False,False,False,False
cluttered,Anlerndaten (363).jpg,1,False,False,False,False,False,False,False,False,False
cluttered,Anlerndaten (364).jpg,2,False,True,False,False,False,True,False,False,False
cluttered,Anlerndaten (365).jpg,2,False,True,False,False,False,True,False,False,False
cluttered,Anlerndaten (366).jpg,1,False,False,False,False,False,False,False,False,False
cluttered,Anlerndaten (367).jpg,1,False,False,False,False,False,False,False,False,False
cluttered,Anlerndaten (368).jpg,2,False,True,False,False,False,True,False,False,False
cluttered,Anlerndaten (369).jpg,1,False,False,False,False,False,False,True,False,False
cluttered,Anlerndaten (37).jpg,0,False,False,False,False,False,False,False,False,False
cluttered,Anlerndaten (370).jpg,1,False,False,False,False,False,False,False,False,False
cluttered,Anlerndaten (371).jpg,1,False,False,False,False,False,False,False,False,False
cluttered,Anlerndaten (372).jpg,1,False,False,False,False,False,False,False,False,False
cluttered,Anlerndaten (373).jpg,1,False,False,False,False,False,False,False,False,False
cluttered,Anlerndaten (374).jpg,1,False,False,False,False,False,False,False,False,False
cluttered,Anlerndaten (375).jpg,1,False,False,False,False,False,False,False,False,False
cluttered,Anlerndaten (376).jpg,1,False,False,False,False,False,False,False,False,False
cluttered,Anlerndaten (377).jpg,1,False,False,False,False,False,False,False,False,False
cluttered,Anlerndaten (378).jpg,2,False,False,True,False,False,True,False,False,False
cluttered,Anlerndaten (379).jpg,1,False,False,False,False,False,False,False,False,False
cluttered,Anlerndaten (38).jpg,4,False,True,False,False,False,True,False,False,False
cluttered,Anlerndaten (380).jpg,2,False,True,False,False,False,True,False,False,False
cluttered,Anlerndaten (381).jpg,1,False,False,False,False,False,False,False,False,False
cluttered,Anlerndaten (382).jpg,5,False,True,False,False,False,True,False,False,False
cluttered,Anlerndaten (383).jpg,5,False,True,False,False,False,True,False,False,False
cluttered,Anlerndaten (384).jpg,2,False,True,False,True,False,True,False,False,False
cluttered,Anlerndaten (385).jpg,2,False,True,False,False,False,True,False,False,False
cluttered,Anlerndaten (386).jpg,1,False,False,False,False,False,False,False,False,False
cluttered,Anlerndaten (387).jpg,3,False,True,False,False,False,True,False,False,False
cluttered,Anlerndaten (388).jpg,1,False,False,False,False,False,False,False,False,False
cluttered,Anlerndaten (389).jpg,1,False,False,False,True,False,False,False,False,False
cluttered,Anlerndaten (39).jpg,1,False,False,False,False,False,False,False,False,False
cluttered,Anlerndaten (390).jpg,1,False,False,False,False,False,False,False,False,False
cluttered,Anlerndaten (391).jpg,3,False,True,False,False,False,True,False,False,False
cluttered,Anlerndaten (392).jpg,2,False,True,False,False,False,False,False,False,False
cluttered,Anlerndaten (393).jpg,4,False,True,False,False,False,True,False,False,False
cluttered,Anlerndaten (394).jpg,1,False,False,False,False,False,False,False,False,False
cluttered,Anlerndaten (395).jpg,1,False,False,False,False,False,False,False,False,False
cluttered,Anlerndaten (396).jpg,1,False,False,False,False,False,False,False,False,False
cluttered,Anlerndaten (397).jpg,2,False,False,True,False,False,True,False,False,False
cluttered,Anlerndaten (398).jpg,2,False,True,False,True,True,False,False,False,False
cluttered,Anlerndaten (399).jpg,1,False,False,False,False,False,False,False,False,False
cluttered,Anlerndaten (4).jpg,2,False,True,False,False,False,False,False,False,False
cluttered,Anlerndaten (40).jpg,2,False,True,False,False,False,False,False,False,False
cluttered,Anlerndaten (400).jpg,1,False,False,False,True,False,False,False,False,False
cluttered,Anlerndaten (401).jpg,1,False,False,False,False,False,False,False,False,False
cluttered,Anlerndaten (402).jpg,4,False,True,False,False,False,True,False,False,False
cluttered,Anlerndaten (403).jpg,0,False,False,False,False,False,False,False,False,False
cluttered,Anlerndaten (404).jpg,1,False,False,False,False,False,False,False,False,False
cluttered,Anlerndaten (405).jpg,2,False,True,False,False,False,True,False,False,False
cluttered,Anlerndaten (406).jpg,2,False,True,False,False,False,False,False,False,False
cluttered,Anlerndaten (407).jpg,1,False,False,False,False,False,False,False,False,False
cluttered,Anlerndaten (408).jpg,1,False,False,False,False,False,False,False,False,False
cluttered,Anlerndaten (409).jpg,1,False,False,False,False,False,False,False,False,False
cluttered,Anlerndaten (41).jpg,1,False,False,False,False,False,False,False,False,False
cluttered,Anlerndaten (410).jpg,1,False,False,False,False,False,False,False,False,False
cluttered,Anlerndaten (411).jpg,1,False,False,False,False,False,False,False,False,False
cluttered,Anlerndaten (412).jpg,1,False,False,False,False,False,False,False,False,False
cluttered,Anlerndaten (413).jpg,2,False,True,False,False,False,True,False,False,False
cluttered,Anlerndaten (414).jpg,1,False,False,False,False,False,False,False,False,False
cluttered,Anlerndaten (415).jpg,3,False,True,False,True,True,True,True,False,False
cluttered,Anlerndaten (416).jpg,0,False,False,False,False,False,False,False,False,False
cluttered,Anlerndaten (417).jpg,2,False,True,False,True,False,True,False,False,False
cluttered,Anlerndaten (418).jpg,3,False,True,False,False,False,True,True,False,False
cluttered,Anlerndaten (419).jpg,1,False,False,False,False,False,False,False,False,False
cluttered,Anlerndaten (42).jpg,1,False,False,False,True,False,False,False,False,False
cluttered,Anlerndaten (420).jpg,0,False,False,False,False,False,False,False,False,False
cluttered,Anlerndaten (421).jpg,1,False,False,False,False,False,False,False,False,False
cluttered,Anlerndaten (422).jpg,1,False,False,False,False,False,False,False,False,False
cluttered,Anlerndaten (423).jpg,2,True,False,True,False,False,False,False,False,False
cluttered,Anlerndaten (424).jpg,0,False,False,False,False,False,False,False,False,False
cluttered,Anlerndaten (425).jpg,1,False,False,False,True,False,False,False,False,False
cluttered,Anlerndaten (426).jpg,1,False,False,False,False,False,False,False,False,False
cluttered,Anlerndaten (427).jpg,2,False,True,False,False,False,True,False,False,False
cluttered,Anlerndaten (428).jpg,4,False,True,False,False,False,True,True,False,False
cluttered,Anlerndaten (429).jpg,2,False,True,False,False,False,False,True,False,False
cluttered,Anlerndaten (43).jpg,1,False,False,False,False,False,False,False,False,False
cluttered,Anlerndaten (430).jpg,1,False,False,False,False,False,False,False,False,False
cluttered,Anlerndaten (431).jpg,0,False,False,False,False,False,False,False,False,False
cluttered,Anlerndaten (432).jpg,1,False,False,False,False,False,False,False,False,False
cluttered,Anlerndaten (433).jpg,1,False,False,False,False,False,False,False,False,False
cluttered,Anlerndaten (434).jpg,1,False,False,False,False,False,False,False,False,False
cluttered,Anlerndaten (435).jpg,2,False,True,False,True,False,True,True,False,False
cluttered,Anlerndaten (436).jpg,2,False,True,False,False,False,True,False,False,False
cluttered,Anlerndaten (437).jpg,1,False,False,False,False,False,False,False,False,False
cluttered,Anlerndaten (438).jpg,1,False,False,False,False,False,False,False,False,False
cluttered,Anlerndaten (439).jpg,1,False,False,False,False,False,False,False,False,False
cluttered,Anlerndaten (44).jpg,1,False,False,False,False,False,False,False,False,False
cluttered,Anlerndaten (440).jpg,1,False,False,False,False,False,False,False,False,False
cluttered,Anlerndaten (441).jpg,1,False,False,False,False,False,False,False,False,False
cluttered,Anlerndaten (442).jpg,2,False,True,False,True,False,False,False,False,False
cluttered,Anlerndaten (443).jpg,1,False,False,False,True,False,False,False,False,False
cluttered,Anlerndaten (444).jpg,1,False,False,False,False,False,False,False,False,False
cluttered,Anlerndaten (445).jpg,1,False,False,False,False,False,False,False,False,False
cluttered,Anlerndaten (446).jpg,1,False,False,False,False,False,False,False,False,False
cluttered,Anlerndaten (447).jpg,2,False,True,False,False,False,True,False,False,False
cluttered,Anlerndaten (448).jpg,1,False,False,False,False,False,False,False,False,False
cluttered,Anlerndaten (449).jpg,1,False,False,False,False,False,False,False,False,False
cluttered,Anlerndaten (45).jpg,0,False,False,False,False,False,False,False,False,False
cluttered,Anlerndaten (450).jpg,1,False,False,False,False,False,False,False,False,False
cluttered,Anlerndaten (451).jpg,2,False,True,False,False,False,True,False,False,False
cluttered,Anlerndaten (452).jpg,1,False,False,False,False,False,False,False,False,False
cluttered,Anlerndaten (453).jpg,1,False,False,False,False,False,False,False,False,False
cluttered,Anlerndaten (454).jpg,1,False,False,False,True,False,False,False,False,False
cluttered,Anlerndaten (455).jpg,2,False,True,False,False,False,True,True,False,False
cluttered,Anlerndaten (456).jpg,3,False,True,False,True,True,True,False,False,False
cluttered,Anlerndaten (457).jpg,1,False,False,False,False,False,False,False,False,False
cluttered,Anlerndaten (458).jpg,3,False,True,False,True,True,True,False,False,False
cluttered,Anlerndaten (459).jpg,2,False,True,False,True,True,False,False,False,False
cluttered,Anlerndaten (46).jpg,1,False,False,False,False,False,False,False,False,False
cluttered,Anlerndaten (460).jpg,3,False,True,False,False,False,True,False,False,False
cluttered,Anlerndaten (461).jpg,0,False,False,False,False,False,False,False,False,False
cluttered,Anlerndaten (462).jpg,1,False,False,False,False,False,False,False,False,False
cluttered,Anlerndaten (463).jpg,1,False,False,False,False,False,False,False,False,False
cluttered,Anlerndaten (464).jpg,3,False,True,False,False,False,True,False,False,False
cluttered,Anlerndaten (465).jpg,3,False,True,False,False,False,True,True,False,False
cluttered,Anlerndaten (466).jpg,1,False,False,False,False,False,False,False,False,False
cluttered,Anlerndaten (467).jpg,0,False,False,False,False,False,False,False,False,False
cluttered,Anlerndaten (468).jpg,1,False,False,False,False,False,False,False,False,False
cluttered,Anlerndaten (469).jpg,1,False,False,False,False,False,False,False,False,False
cluttered,Anlerndaten (47).jpg,2,False,True,False,False,False,True,False,False,False
cluttered,Anlerndaten (470).jpg,1,False,False,False,False,False,False,False,False,False
cluttered,Anlerndaten (471).jpg,1,False,False,False,False,False,False,False,False,False
cluttered,Anlerndaten (472).jpg,2,False,True,False,False,False,True,False,False,False
cluttered,Anlerndaten (473).jpg,1,False,False,False,False,False,False,False,False,False
cluttered,Anlerndaten (474).jpg,1,False,False,False,False,False,False,False,False,False
cluttered,Anlerndaten (475).jpg,1,False,False,False,False,False,False,False,False,False
cluttered,Anlerndaten (476).jpg,2,False,True,False,True,False,False,False,False,False
cluttered,Anlerndaten (477).jpg,1,False,False,False,False,False,False,False,False,False
cluttered,Anlerndaten (478).jpg,1,False,False,False,False,False,False,False,False,False
cluttered,Anlerndaten (479).jpg,1,False,False,False,False,False,False,False,False,False
cluttered,Anlerndaten (48).jpg,1,False,False,False,False,False,False,False,False,False
cluttered,Anlerndaten (480).jpg,1,False,False,False,False,False,False,False,False,False
cluttered,Anlerndaten (481).jpg,1,False,False,False,False,False,False,False,False,False
cluttered,Anlerndaten (482).jpg,1,False,False,False,False,False,False,False,False,False
cluttered,Anlerndaten (483).jpg,2,False,True,False,True,False,True,False,False,False
cluttered,Anlerndaten (484).jpg,1,False,False,False,False,False,False,False,False,False
cluttered,Anlerndaten (485).jpg,1,False,False,False,False,False,False,False,False,False
cluttered,Anlerndaten (486).jpg,2,False,True,False,False,False,True,False,False,False
cluttered,Anlerndaten (487).jpg,3,False,True,False,False,False,True,False,False,False
cluttered,Anlerndaten (488).jpg,1,False,False,False,True,False,False,False,False,False
cluttered,Anlerndaten (489).jpg,1,False,False,False,False,False,False,False,False,False
cluttered,Anlerndaten (49).jpg,0,False,False,False,False,False,False,False,False,False
cluttered,Anlerndaten (490).jpg,1,False,False,False,False,False,False,False,False,False
cluttered,Anlerndaten (491).jpg,1,False,False,False,False,False,False,False,False,False
cluttered,Anlerndaten (492).jpg,1,False,False,False,False,False,False,False,False,False
cluttered,Anlerndaten (493).jpg,1,False,False,False,False,False,False,False,False,False
cluttered,Anlerndaten (494).jpg,1,False,False,False,False,False,False,False,False,False
cluttered,Anlerndaten (495).jpg,1,False,False,False,False,False,False,False,False,False
cluttered,Anlerndaten (496).jpg,1,False,False,False,False,False,False,False,False,False
cluttered,Anlerndaten (497).jpg,1,False,False,False,False,False,False,False,False,False
cluttered,Anlerndaten (498).jpg,1,False,False,False,False,False,False,False,False,False
cluttered,Anlerndaten (499).jpg,2,False,True,False,False,False,True,False,False,False
cluttered,Anlerndaten (5).jpg,2,False,True,False,False,False,True,False,False,False
cluttered,Anlerndaten (50).jpg,1,False,False,False,False,False,False,False,False,False
cluttered,Anlerndaten (500).jpg,5,False,True,False,True,True,True,True,False,False
cluttered,Anlerndaten (501).jpg,1,False,False,False,True,False,False,False,False,False
cluttered,Anlerndaten (502).jpg,3,False,True,False,False,False,True,True,False,False
cluttered,Anlerndaten (503).jpg,3,False,True,False,True,True,True,False,False,False
cluttered,Anlerndaten (504).jpg,3,False,True,False,False,False,True,False,False,False
cluttered,Anlerndaten (505).jpg,3,False,True,False,False,False,True,False,False,False
cluttered,Anlerndaten (506).jpg,2,False,False,True,False,False,False,False,False,False
cluttered,Anlerndaten (507).jpg,2,False,True,False,False,False,True,True,False,False
cluttered,Anlerndaten (508).jpg,3,False,True,False,False,False,True,False,False,False
cluttered,Anlerndaten (509).jpg,3,False,True,False,False,False,True,False,False,False
cluttered,Anlerndaten (51).jpg,1,False,False,False,False,False,False,False,False,False
cluttered,Anlerndaten (510).jpg,1,False,False,False,False,False,False,False,False,False
cluttered,Anlerndaten (511).jpg,0,False,False,False,False,False,False,False,False,False
cluttered,Anlerndaten (512).jpg,2,False,True,False,False,False,True,True,False,False
cluttered,Anlerndaten (513).jpg,2,False,True,False,False,False,True,False,False,False
cluttered,Anlerndaten (514).jpg,1,False,False,False,False,False,False,True,False,False
cluttered,Anlerndaten (515).jpg,0,False,False,False,False,False,False,False,False,False
cluttered,Anlerndaten (516).jpg,1,False,False,False,False,False,False,False,False,False
cluttered,Anlerndaten (517).jpg,1,False,False,False,False,False,False,True,False,False
cluttered,Anlerndaten (518).jpg,2,False,True,False,False,False,False,False,False,False
cluttered,Anlerndaten (519).jpg,1,False,False,False,False,False,False,False,False,False
cluttered,Anlerndaten (52).jpg,1,False,False,False,False,False,False,True,False,False
cluttered,Anlerndaten (520).jpg,2,False,False,True,False,False,True,False,False,False
cluttered,Anlerndaten (521).jpg,3,False,False,True,False,False,True,False,False,False
cluttered,Anlerndaten (522).jpg,3,False,True,False,False,False,True,False,False,False
cluttered,Anlerndaten (523).jpg,2,False,True,False,False,False,False,False,False,False
cluttered,Anlerndaten (524).jpg,0,False,False,False,False,False,False,False,False,False
cluttered,Anlerndaten (525).jpg,1,False,False,False,False,False,False,False,False,False
cluttered,Anlerndaten (526).jpg,1,False,False,False,False,False,False,False,False,False
cluttered,Anlerndaten (527).jpg,1,False,False,False,False,False,False,False,False,False
cluttered,Anlerndaten (528).jpg,2,False,True,False,False,False,True,True,False,False
cluttered,Anlerndaten (529).jpg,1,False,False,False,False,False,False,False,False,False
cluttered,Anlerndaten (53).jpg,1,False,False,False,False,False,False,False,False,False
cluttered,Anlerndaten (530).jpg,1,False,False,False,False,False,False,False,False,False
cluttered,Anlerndaten (531).jpg,3,False,True,False,False,False,True,False,False,False
cluttered,Anlerndaten (532).jpg,0,False,False,False,False,False,False,False,False,False
cluttered,Anlerndaten (533).jpg,3,False,True,False,False,False,True,False,False,False
cluttered,Anlerndaten (534).jpg,1,False,False,False,False,False,False,False,False,False
cluttered,Anlerndaten (535).jpg,2,False,True,False,True,False,True,False,False,False
cluttered,Anlerndaten (536).jpg,1,False,False,False,False,False,False,False,False,False
cluttered,Anlerndaten (537).jpg,1,False,False,False,False,False,False,False,False,False
cluttered,Anlerndaten (538).jpg,1,False,False,False,False,False,False,False,False,False
cluttered,Anlerndaten (539).jpg,1,False,False,False,False,False,False,False,False,False
cluttered,Anlerndaten (54).jpg,1,False,False,False,False,False,False,False,False,False
cluttered,Anlerndaten (540).jpg,2,False,True,False,False,False,False,False,False,False
cluttered,Anlerndaten (541).jpg,1,False,False,False,False,False,False,False,False,False
cluttered,Anlerndaten (542).jpg,3,False,True,False,True,True,True,False,False,False
cluttered,Anlerndaten (543).jpg,2,False,True,False,False,False,True,False,False,False
cluttered,Anlerndaten (544).jpg,1,False,False,False,False,False,False,False,False,False
cluttered,Anlerndaten (545).jpg,1,False,False,False,False,False,False,False,False,False
cluttered,Anlerndaten (546).jpg,1,False,False,False,False,False,False,False,False,False
cluttered,Anlerndaten (547).jpg,1,False,False,False,True,False,False,False,False,False
cluttered,Anlerndaten (548).jpg,2,False,True,False,True,False,True,False,False,False
cluttered,Anlerndaten (549).jpg,0,False,False,False,False,False,False,False,False,False
cluttered,Anlerndaten (55).jpg,1,False,False,False,False,False,False,False,False,False
cluttered,Anlerndaten (550).jpg,2,False,True,False,False,False,False,False,False,False
cluttered,Anlerndaten (551).jpg,1,False,False,False,False,False,False,False,False,False
cluttered,Anlerndaten (552).jpg,2,False,True,False,False,False,False,False,False,False
cluttered,Anlerndaten (553).jpg,0,False,False,False,False,False,False,False,False,False
cluttered,Anlerndaten (554).jpg,2,False,True,False,False,False,True,False,False,False
cluttered,Anlerndaten (555).jpg,1,False,False,False,False,False,False,False,False,False
cluttered,Anlerndaten (556).jpg,1,False,False,False,False,False,False,False,False,False
cluttered,Anlerndaten (557).jpg,1,False,False,False,False,False,False,False,False,False
cluttered,Anlerndaten (558).jpg,1,False,False,False,True,False,False,False,False,False
cluttered,Anlerndaten (559).jpg,1,False,False,False,False,False,False,False,False,False
cluttered,Anlerndaten (56).jpg,2,False,True,False,False,False,False,False,False,False
cluttered,Anlerndaten (560).jpg,2,False,False,True,False,False,True,False,False,False
cluttered,Anlerndaten (561).jpg,2,False,True,False,False,False,True,False,False,False
cluttered,Anlerndaten (562).jpg,1,False,False,False,False,False,False,False,False,False
cluttered,Anlerndaten (563).jpg,1,False,False,False,False,False,False,False,False,False
cluttered,Anlerndaten (564).jpg,1,False,False,False,False,False,False,False,False,False
cluttered,Anlerndaten (565).jpg,1,False,False,False,False,False,False,False,False,False
cluttered,Anlerndaten (566).jpg,2,False,True,False,False,False,True,False,False,False
cluttered,Anlerndaten (567).jpg,1,False,False,False,True,False,False,False,False,False
cluttered,Anlerndaten (568).jpg,2,False,False,True,False,False,False,False,False,False
cluttered,Anlerndaten (569).jpg,1,False,False,False,True,False,False,False,False,False
cluttered,Anlerndaten (57).jpg,3,False,False,True,False,False,True,False,False,False
cluttered,Anlerndaten (570).jpg,2,False,True,False,False,False,True,True,False,False
cluttered,Anlerndaten (571).jpg,1,False,False,False,True,False,False,False,False,False
cluttered,Anlerndaten (572).jpg,3,False,True,False,False,False,True,False,False,False
cluttered,Anlerndaten (573).jpg,1,False,False,False,False,False,False,False,False,False
cluttered,Anlerndaten (574).jpg,1,False,False,False,False,False,False,False,False,False
cluttered,Anlerndaten (575).jpg,2,False,True,False,False,False,False,False,False,False
cluttered,Anlerndaten (576).jpg,1,False,False,False,False,False,False,False,False,False
cluttered,Anlerndaten (577).jpg,1,False,False,False,False,False,False,False,True,False
cluttered,Anlerndaten (578).jpg,1,False,False,False,False,False,False,False,False,False
cluttered,Anlerndaten (579).jpg,1,False,False,False,False,False,False,False,False,False
cluttered,Anlerndaten (58).jpg,1,False,False,False,False,False,False,False,False,False
cluttered,Anlerndaten (580).jpg,1,False,False,False,False,False,False,False,False,False
cluttered,Anlerndaten (581).jpg,1,False,False,False,False,False,False,False,False,False
cluttered,Anlerndaten (582).jpg,2,False,True,False,False,False,True,False,False,False
cluttered,Anlerndaten (583).jpg,1,False,False,False,False,False,False,False,False,False
cluttered,Anlerndaten (584).jpg,1,False,False,False,True,False,False,False,False,False
cluttered,Anlerndaten (585).jpg,1,False,False,False,False,False,False,False,False,False
cluttered,Anlerndaten (586).jpg,1,False,False,False,False,False,False,False,False,False
cluttered,Anlerndaten (587).jpg,2,False,True,False,False,False,True,False,False,False
cluttered,Anlerndaten (588).jpg,1,False,False,False,False,False,False,False,False,False
cluttered,Anlerndaten (589).jpg,1,False,False,False,False,False,False,False,False,False
cluttered,Anlerndaten (59).jpg,1,False,False,False,False,False,False,False,False,False
cluttered,Anlerndaten (590).jpg,1,False,False,False,False,False,False,False,False,False
cluttered,Anlerndaten (591).jpg,2,False,True,False,True,True,True,False,False,False
cluttered,Anlerndaten (592).jpg,2,False,True,False,False,False,False,False,False,False
cluttered,Anlerndaten (593).jpg,1,False,False,False,False,False,False,False,False,False
cluttered,Anlerndaten (594).jpg,1,False,False,False,False,False,False,False,False,False
cluttered,Anlerndaten (595).jpg,1,False,False,False,False,False,False,False,False,False
cluttered,Anlerndaten (596).jpg,2,False,True,False,False,True,True,False,False,False
cluttered,Anlerndaten (597).jpg,2,False,True,False,False,False,True,False,False,False
cluttered,Anlerndaten (598).jpg,3,False,True,False,True,True,True,False,False,False
cluttered,Anlerndaten (599).jpg,1,False,False,False,False,False,False,False,False,False
cluttered,Anlerndaten (6).jpg,1,False,False,False,False,False,False,False,False,False
cluttered,Anlerndaten (60).jpg,1,False,False,False,False,False,False,False,False,False
cluttered,Anlerndaten (600).jpg,1,False,False,False,False,False,False,False,False,False
cluttered,Anlerndaten (601).jpg,1,False,False,False,False,False,False,False,False,False
cluttered,Anlerndaten (602).jpg,2,False,True,False,True,False,True,False,False,False
cluttered,Anlerndaten (603).jpg,3,True,True,False,True,False,True,False,False,False
cluttered,Anlerndaten (604).jpg,1,True,False,False,True,False,False,False,False,False
cluttered,Anlerndaten (605).jpg,2,False,True,False,False,False,True,True,False,False
cluttered,Anlerndaten (606).jpg,1,False,False,False,False,False,False,False,False,False
cluttered,Anlerndaten (607).jpg,1,False,False,False,False,False,False,False,False,False
cluttered,Anlerndaten (608).jpg,1,False,False,False,False,False,False,False,False,False
cluttered,Anlerndaten (609).jpg,1,False,False,False,False,False,False,False,False,False
cluttered,Anlerndaten (61).jpg,3,False,True,False,False,False,True,False,False,False
cluttered,Anlerndaten (610).jpg,1,False,False,False,False,False,False,False,False,False
cluttered,Anlerndaten (611).jpg,2,False,False,True,False,False,False,False,False,False
cluttered,Anlerndaten (612).jpg,2,True,True,False,True,False,False,False,False,False
cluttered,Anlerndaten (613).jpg,2,True,True,False,True,False,False,False,False,False
cluttered,Anlerndaten (614).jpg,3,False,True,False,False,False,True,True,False,False
cluttered,Anlerndaten (615).jpg,2,False,False,True,False,False,True,False,False,False
cluttered,Anlerndaten (616).jpg,3,False,True,False,False,False,True,False,False,False
cluttered,Anlerndaten (617).jpg,1,False,False,False,False,False,False,False,False,False
cluttered,Anlerndaten (618).jpg,2,False,True,False,True,False,True,False,False,False
cluttered,Anlerndaten (619).jpg,1,False,False,False,False,False,False,False,False,False
cluttered,Anlerndaten (62).jpg,1,False,False,False,False,False,False,False,False,False
cluttered,Anlerndaten (620).jpg,1,False,False,False,False,False,False,False,False,False
cluttered,Anlerndaten (621).jpg,1,False,False,False,False,False,False,False,False,False
cluttered,Anlerndaten (622).jpg,0,False,False,False,False,False,False,False,False,False
cluttered,Anlerndaten (623).jpg,1,False,False,False,False,False,False,False,False,False
cluttered,Anlerndaten (624).jpg,1,False,False,False,False,False,False,True,False,False
cluttered,Anlerndaten (625).jpg,0,False,False,False,False,False,False,False,False,False
cluttered,Anlerndaten (626).jpg,3,False,True,False,True,True,True,False,False,False
cluttered,Anlerndaten (627).jpg,1,False,False,False,False,False,False,False,False,False
cluttered,Anlerndaten (628).jpg,1,False,False,False,False,False,False,False,False,False
cluttered,Anlerndaten (629).jpg,2,False,True,False,False,False,False,False,False,False
cluttered,Anlerndaten (63).jpg,1,False,False,False,False,False,False,False,False,False
cluttered,Anlerndaten (630).jpg,1,False,False,False,False,False,False,False,False,False
cluttered,Anlerndaten (631).jpg,1,False,False,False,True,False,False,False,False,False
cluttered,Anlerndaten (632).jpg,1,False,False,False,False,False,False,False,False,False
cluttered,Anlerndaten (633).jpg,1,False,False,False,False,False,False,False,False,False
cluttered,Anlerndaten (634).jpg,1,False,False,False,False,False,False,False,False,False
cluttered,Anlerndaten (635).jpg,1,False,False,False,False,False,False,False,False,False
cluttered,Anlerndaten (636).jpg,1,False,False,False,False,False,False,False,False,False
cluttered,Anlerndaten (637).jpg,3,False,True,False,False,False,True,False,False,False
cluttered,Anlerndaten (638).jpg,2,False,True,False,True,False,True,False,False,False
cluttered,Anlerndaten (639).jpg,1,False,False,False,False,False,False,False,False,False
cluttered,Anlerndaten (64).jpg,2,False,True,False,False,False,False,False,False,False
cluttered,Anlerndaten (640).jpg,1,False,False,False,False,False,False,False,False,False
cluttered,Anlerndaten (641).jpg,1,False,False,False,False,False,False,False,False,False
cluttered,Anlerndaten (642).jpg,2,False,False,True,False,False,True,False,False,False
cluttered,Anlerndaten (643).jpg,1,False,False,False,False,False,False,False,False,False
cluttered,Anlerndaten (644).jpg,3,False,True,False,True,True,True,False,False,False
cluttered,Anlerndaten (645).jpg,1,False,False,False,False,False,False,False,False,False
cluttered,Anlerndaten (646).jpg,1,False,False,False,False,False,False,False,False,False
cluttered,Anlerndaten (647).jpg,1,False,False,False,False,False,False,False,False,False
cluttered,Anlerndaten (648).jpg,2,False,True,False,False,False,True,False,False,False
cluttered,Anlerndaten (649).jpg,1,False,False,False,False,False,False,False,False,False
cluttered,Anlerndaten (65).jpg,0,False,False,False,False,False,False,False,False,False
cluttered,Anlerndaten (650).jpg,2,False,True,False,False,False,True,False,False,False
cluttered,Anlerndaten (651).jpg,2,False,True,False,False,False,True,True,False,False
cluttered,Anlerndaten (652).jpg,1,False,False,False,False,False,False,False,True,False
cluttered,Anlerndaten (653).jpg,1,False,False,False,False,False,False,False,False,False
cluttered,Anlerndaten (654).jpg,1,False,False,False,False,False,False,False,False,False
cluttered,Anlerndaten (655).jpg,1,False,False,False,False,False,False,False,False,False
cluttered,Anlerndaten (656).jpg,2,False,True,False,False,False,True,True,False,False
cluttered,Anlerndaten (657).jpg,1,False,False,False,False,False,False,False,False,False
cluttered,Anlerndaten (658).jpg,1,False,False,False,False,False,False,False,False,False
cluttered,Anlerndaten (659).jpg,1,False,False,False,True,False,False,False,False,False
cluttered,Anlerndaten (66).jpg,1,False,False,False,False,False,False,False,False,False
cluttered,Anlerndaten (660).jpg,1,False,False,False,False,False,False,False,False,False
cluttered,Anlerndaten (661).jpg,2,False,True,False,True,False,True,False,False,False
cluttered,Anlerndaten (662).jpg,1,False,False,False,False,False,False,False,False,False
cluttered,Anlerndaten (663).jpg,2,True,False,True,False,False,False,False,False,False
cluttered,Anlerndaten (664).jpg,0,False,False,False,False,False,False,False,False,False
cluttered,Anlerndaten (665).jpg,1,False,False,False,False,False,False,False,False,False
cluttered,Anlerndaten (666).jpg,0,False,False,False,False,False,False,False,False,False
cluttered,Anlerndaten (667).jpg,1,False,False,False,True,False,False,False,False,False
cluttered,Anlerndaten (668).jpg,1,False,False,False,False,False,False,False,False,False
cluttered,Anlerndaten (669).jpg,2,True,True,False,False,False,False,False,False,False
cluttered,Anlerndaten (67).jpg,2,False,True,False,True,False,True,False,False,False
cluttered,Anlerndaten (670).jpg,1,False,False,False,True,False,False,False,False,False
cluttered,Anlerndaten (671).jpg,2,False,True,False,False,False,True,False,False,False
cluttered,Anlerndaten (672).jpg,1,False,False,False,False,False,False,True,False,False
cluttered,Anlerndaten (673).jpg,1,False,False,False,False,False,False,False,False,False
cluttered,Anlerndaten (674).jpg,1,False,False,False,False,False,False,False,False,False
cluttered,Anlerndaten (675).jpg,3,False,True,False,False,False,True,False,False,False
cluttered,Anlerndaten (676).jpg,0,False,False,False,False,False,False,False,False,False
cluttered,Anlerndaten (677).jpg,1,False,False,False,False,False,False,False,False,False
cluttered,Anlerndaten (678).jpg,1,False,False,False,False,False,False,False,False,False
cluttered,Anlerndaten (679).jpg,1,False,False,False,False,False,False,False,False,False
cluttered,Anlerndaten (68).jpg,2,False,True,False,False,False,True,False,False,False
cluttered,Anlerndaten (680).jpg,1,False,False,False,False,False,False,False,False,False
cluttered,Anlerndaten (681).jpg,1,False,False,False,False,False,False,False,False,False
cluttered,Anlerndaten (682).jpg,2,False,True,False,True,True,False,False,False,False
cluttered,Anlerndaten (683).jpg,2,False,True,False,False,False,True,False,False,False
cluttered,Anlerndaten (684).jpg,1,False,False,False,False,False,False,False,False,False
cluttered,Anlerndaten (685).jpg,1,False,False,False,False,False,False,False,False,False
cluttered,Anlerndaten (686).jpg,3,False,True,False,True,False,True,False,False,False
cluttered,Anlerndaten (687).jpg,1,False,False,False,False,False,False,False,False,False
cluttered,Anlerndaten (688).jpg,1,False,False,False,False,False,False,False,False,False
cluttered,Anlerndaten (689).jpg,1,False,False,False,False,False,False,True,False,False
cluttered,Anlerndaten (69).jpg,1,False,False,False,False,False,False,False,False,False
cluttered,Anlerndaten (690).jpg,3,False,True,False,True,False,True,False,False,False
cluttered,Anlerndaten (691).jpg,1,False,False,False,False,False,False,False,False,False
cluttered,Anlerndaten (692).jpg,1,False,False,False,False,False,False,False,False,False
cluttered,Anlerndaten (693).jpg,2,False,True,False,False,False,False,True,False,False
cluttered,Anlerndaten (694).jpg,1,False,False,False,False,False,False,False,False,False
cluttered,Anlerndaten (695).jpg,0,False,False,False,False,False,False,False,False,False
cluttered,Anlerndaten (696).jpg,1,False,False,False,False,False,False,False,False,False
cluttered,Anlerndaten (697).jpg,5,False,True,False,True,True,True,False,False,False
cluttered,Anlerndaten (698).jpg,3,False,True,False,False,False,True,False,False,False
cluttered,Anlerndaten (699).jpg,2,False,False,True,False,False,False,False,False,False
cluttered,Anlerndaten (7).jpg,3,False,True,False,False,False,True,False,False,False
cluttered,Anlerndaten (70).jpg,2,False,True,False,True,False,True,False,False,False
cluttered,Anlerndaten (700).jpg,4,False,True,False,True,True,True,False,False,False
cluttered,Anlerndaten (701).jpg,1,False,False,False,True,False,False,False,False,False
cluttered,Anlerndaten (702).jpg,1,False,False,False,False,False,False,False,False,False
cluttered,Anlerndaten (703).jpg,1,False,False,False,False,False,False,False,False,False
cluttered,Anlerndaten (704).jpg,1,False,False,False,False,False,False,False,False,False
cluttered,Anlerndaten (705).jpg,4,False,True,False,True,True,True,False,False,False
cluttered,Anlerndaten (706).jpg,1,False,False,False,False,False,False,False,False,False
cluttered,Anlerndaten (707).jpg,2,False,False,True,False,False,False,False,False,False
cluttered,Anlerndaten (708).jpg,1,False,False,False,False,False,False,False,False,False
cluttered,Anlerndaten (709).jpg,0,False,False,False,False,False,False,False,False,False
cluttered,Anlerndaten (71).jpg,1,False,False,False,False,False,False,False,False,False
cluttered,Anlerndaten (710).jpg,2,False,True,False,True,True,True,False,False,False
cluttered,Anlerndaten (711).jpg,1,False,False,False,False,False,False,False,False,False
cluttered,Anlerndaten (712).jpg,1,False,False,False,False,False,False,False,False,False
cluttered,Anlerndaten (713).jpg,1,False,False,False,False,False,False,False,False,False
cluttered,Anlerndaten (714).jpg,2,False,True,False,False,False,True,False,False,False
cluttered,Anlerndaten (715).jpg,1,False,False,False,False,False,False,False,False,False
cluttered,Anlerndaten (716).jpg,1,False,False,False,False,False,False,False,False,False
cluttered,Anlerndaten (717).jpg,1,False,False,False,True,False,False,False,False,False
cluttered,Anlerndaten (718).jpg,3,False,True,False,False,False,True,False,False,False
cluttered,Anlerndaten (719).jpg,1,False,False,False,False,False,False,True,False,False
cluttered,Anlerndaten (72).jpg,2,False,False,True,False,False,True,False,False,False
cluttered,Anlerndaten (720).jpg,3,False,True,False,True,True,False,False,False,False
cluttered,Anlerndaten (721).jpg,1,False,False,False,False,False,False,True,False,False
cluttered,Anlerndaten (722).jpg,2,False,False,True,False,False,True,False,False,False
cluttered,Anlerndaten (723).jpg,1,False,False,False,False,False,False,False,False,False
cluttered,Anlerndaten (724).jpg,2,False,True,False,False,False,True,False,False,False
cluttered,Anlerndaten (725).jpg,1,False,False,False,False,False,False,False,False,False
cluttered,Anlerndaten (726).jpg,1,False,False,False,True,False,False,False,False,False
cluttered,Anlerndaten (727).jpg,1,False,False,False,True,False,False,False,False,False
cluttered,Anlerndaten (728).jpg,1,False,False,False,False,False,False,False,False,False
cluttered,Anlerndaten (729).jpg,1,False,False,False,True,False,False,False,False,False
cluttered,Anlerndaten (73).jpg,2,False,True,False,False,False,True,False,False,False
cluttered,Anlerndaten (730).jpg,4,False,True,False,False,False,True,False,False,False
cluttered,Anlerndaten (731).jpg,1,False,False,False,False,False,False,False,False,False
cluttered,Anlerndaten (732).jpg,1,False,False,False,False,False,False,False,False,False
cluttered,Anlerndaten (733).jpg,3,False,True,False,True,True,True,False,False,False
cluttered,Anlerndaten (734).jpg,2,False,True,False,True,False,True,False,False,False
cluttered,Anlerndaten (735).jpg,1,False,False,False,False,False,False,True,False,False
cluttered,Anlerndaten (736).jpg,1,False,False,False,False,False,False,False,False,False
cluttered,Anlerndaten (737).jpg,1,False,False,False,False,False,False,False,False,False
cluttered,Anlerndaten (738).jpg,2,False,True,False,True,True,True,False,False,False
cluttered,Anlerndaten (739).jpg,1,False,False,False,False,False,False,False,False,False
cluttered,Anlerndaten (74).jpg,1,False,False,False,False,False,False,False,False,False
cluttered,Anlerndaten (740).jpg,1,False,False,False,False,False,False,True,False,False
cluttered,Anlerndaten (741).jpg,1,False,False,False,False,False,False,False,False,False
cluttered,Anlerndaten (742).jpg,0,False,False,False,False,False,False,False,False,False
cluttered,Anlerndaten (743).jpg,2,False,True,False,False,False,True,False,False,False
cluttered,Anlerndaten (744).jpg,1,False,False,False,False,False,False,False,False,False
cluttered,Anlerndaten (745).jpg,1,False,False,False,False,False,False,False,False,False
cluttered,Anlerndaten (746).jpg,1,False,False,False,False,False,False,False,False,False
cluttered,Anlerndaten (747).jpg,2,False,True,False,False,False,False,False,False,False
cluttered,Anlerndaten (748).jpg,1,False,False,False,False,False,False,False,False,False
cluttered,Anlerndaten (749).jpg,1,False,False,False,False,False,False,False,False,False
cluttered,Anlerndaten (75).jpg,1,False,False,False,True,False,False,False,False,False
cluttered,Anlerndaten (750).jpg,1,False,False,False,False,False,False,False,False,False
cluttered,Anlerndaten (751).jpg,1,False,False,False,False,False,False,False,False,False
cluttered,Anlerndaten (752).jpg,3,False,True,False,False,False,True,False,False,False
cluttered,Anlerndaten (753).jpg,1,False,False,False,False,False,False,False,False,False
cluttered,Anlerndaten (754).jpg,1,False,False,False,True,False,False,False,False,False
cluttered,Anlerndaten (755).jpg,1,False,False,False,False,False,False,False,False,False
cluttered,Anlerndaten (756).jpg,1,False,False,False,False,False,False,False,False,False
cluttered,Anlerndaten (757).jpg,1,False,False,False,False,False,False,False,False,False
cluttered,Anlerndaten (758).jpg,1,False,False,False,False,False,False,False,False,False
cluttered,Anlerndaten (759).jpg,1,False,False,False,False,False,False,False,False,False
cluttered,Anlerndaten (76).jpg,1,False,False,False,False,False,False,False,False,False
cluttered,Anlerndaten (760).jpg,0,False,False,False,False,False,False,False,False,False
cluttered,Anlerndaten (761).jpg,0,False,False,False,False,False,False,False,False,False
cluttered,Anlerndaten (762).jpg,1,False,False,False,False,False,False,False,False,False
cluttered,Anlerndaten (763).jpg,4,False,True,False,False,False,True,True,False,False
cluttered,Anlerndaten (764).jpg,1,False,False,False,False,False,False,True,False,False
cluttered,Anlerndaten (765).jpg,0,False,False,False,False,False,False,False,False,False
cluttered,Anlerndaten (766).jpg,1,False,False,False,False,False,False,False,False,False
cluttered,Anlerndaten (767).jpg,1,False,False,False,False,False,False,False,False,False
cluttered,Anlerndaten (768).jpg,1,False,False,False,False,False,False,False,False,False
cluttered,Anlerndaten (769).jpg,1,False,False,False,False,False,False,False,False,False
cluttered,Anlerndaten (77).jpg,1,False,False,False,False,False,False,False,False,False
cluttered,Anlerndaten (770).jpg,1,False,False,False,True,False,False,False,False,False
cluttered,Anlerndaten (771).jpg,1,False,False,False,False,False,False,False,False,False
cluttered,Anlerndaten (772).jpg,0,False,False,False,False,False,False,False,False,False
cluttered,Anlerndaten (773).jpg,2,False,True,False,True,False,True,False,False,False
cluttered,Anlerndaten (774).jpg,1,False,False,False,False,False,False,False,False,False
cluttered,Anlerndaten (775).jpg,1,False,False,False,True,False,False,False,False,False
cluttered,Anlerndaten (776).jpg,1,False,False,False,False,False,False,True,False,False
cluttered,Anlerndaten (777).jpg,1,False,False,False,False,False,False,True,False,False
cluttered,Anlerndaten (778).jpg,1,False,False,False,True,False,False,False,False,False
cluttered,Anlerndaten (779).jpg,5,False,True,False,True,True,True,False,False,False
cluttered,Anlerndaten (78).jpg,2,False,True,False,True,False,True,False,False,False
cluttered,Anlerndaten (780).jpg,2,False,True,False,True,False,True,False,False,False
cluttered,Anlerndaten (781).jpg,2,False,True,False,False,False,False,False,False,False
cluttered,Anlerndaten (782).jpg,1,False,False,False,False,False,False,False,False,False
cluttered,Anlerndaten (783).jpg,1,False,False,False,False,False,False,False,False,False
cluttered,Anlerndaten (784).jpg,3,False,True,False,False,False,True,False,False,False
cluttered,Anlerndaten (785).jpg,1,False,False,False,False,False,False,False,False,False
cluttered,Anlerndaten (786).jpg,1,False,False,False,False,False,False,False,False,False
cluttered,Anlerndaten (787).jpg,2,False,True,False,False,False,True,False,False,False
cluttered,Anlerndaten (788).jpg,2,False,True,False,False,False,True,False,False,False
cluttered,Anlerndaten (789).jpg,1,False,False,False,False,False,False,False,False,False
cluttered,Anlerndaten (79).jpg,1,False,False,False,False,False,False,False,False,False
cluttered,Anlerndaten (790).jpg,1,False,False,False,False,False,False,False,False,False
cluttered,Anlerndaten (791).jpg,1,False,False,False,True,False,False,False,False,False
cluttered,Anlerndaten (792).jpg,1,False,False,False,True,False,False,False,False,False
cluttered,Anlerndaten (793).jpg,2,False,True,False,False,False,True,False,False,False
cluttered,Anlerndaten (794).jpg,0,False,False,False,False,False,False,False,False,False
cluttered,Anlerndaten (795).jpg,2,False,True,False,False,False,True,True,False,False
cluttered,Anlerndaten (796).jpg,1,False,False,False,False,False,False,True,False,False
cluttered,Anlerndaten (797).jpg,0,False,False,False,False,False,False,False,False,False
cluttered,Anlerndaten (798).jpg,0,False,False,False,False,False,False,False,False,False
cluttered,Anlerndaten (799).jpg,1,False,False,False,True,False,False,False,False,False
cluttered,Anlerndaten (8).jpg,2,False,True,False,True,True,True,False,False,False
cluttered,Anlerndaten (80).jpg,1,False,False,False,False,False,False,False,False,False
cluttered,Anlerndaten (800).jpg,2,False,True,False,False,False,False,False,False,False
cluttered,Anlerndaten (801).jpg,1,False,False,False,True,False,False,False,False,False
cluttered,Anlerndaten (802).jpg,1,False,False,False,False,False,False,False,False,False
cluttered,Anlerndaten (803).jpg,0,False,False,False,False,False,False,False,False,False
cluttered,Anlerndaten (804).jpg,1,False,False,False,True,False,False,False,False,False
cluttered,Anlerndaten (805).jpg,1,False,False,False,False,False,False,False,False,False
cluttered,Anlerndaten (806).jpg,1,False,False,False,False,False,False,False,False,False
cluttered,Anlerndaten (807).jpg,1,False,False,False,False,False,False,False,False,False
cluttered,Anlerndaten (808).jpg,1,False,False,False,False,False,False,False,False,False
cluttered,Anlerndaten (809).jpg,3,False,True,False,True,True,True,False,False,False
cluttered,Anlerndaten (81).jpg,1,False,False,False,False,False,False,False,False,False
cluttered,Anlerndaten (810).jpg,1,False,False,False,False,False,False,False,False,False
cluttered,Anlerndaten (811).jpg,1,False,False,False,False,False,False,False,False,False
cluttered,Anlerndaten (812).jpg,1,False,False,False,True,False,False,False,False,False
cluttered,Anlerndaten (813).jpg,1,False,False,False,False,False,False,False,False,False
cluttered,Anlerndaten (814).jpg,1,False,False,False,False,False,False,False,False,False
cluttered,Anlerndaten (815).jpg,1,False,False,False,False,False,False,False,False,False
cluttered,Anlerndaten (816).jpg,1,False,False,False,False,False,False,False,False,False
cluttered,Anlerndaten (817).jpg,1,False,False,False,False,False,False,False,False,False
cluttered,Anlerndaten (818).jpg,1,False,False,False,False,False,False,False,False,False
cluttered,Anlerndaten (819).jpg,1,False,False,False,True,False,False,False,False,False
cluttered,Anlerndaten (82).jpg,1,False,False,False,False,False,False,False,False,False
cluttered,Anlerndaten (820).jpg,0,False,False,False,False,False,False,False,False,False
cluttered,Anlerndaten (821).jpg,2,False,True,False,True,True,False,False,False,False
cluttered,Anlerndaten (822).jpg,2,False,True,False,False,False,True,False,False,False
cluttered,Anlerndaten (823).jpg,1,False,False,False,False,False,False,False,False,False
cluttered,Anlerndaten (824).jpg,1,False,False,False,False,False,False,False,False,False
cluttered,Anlerndaten (825).jpg,2,False,True,False,True,False,True,False,False,False
cluttered,Anlerndaten (826).jpg,1,False,False,False,False,False,False,False,False,False
cluttered,Anlerndaten (827).jpg,2,False,True,False,False,False,True,False,False,False
cluttered,Anlerndaten (828).jpg,1,False,False,False,False,False,False,False,False,False
cluttered,Anlerndaten (829).jpg,1,False,False,False,True,False,False,False,False,False
cluttered,Anlerndaten (83).jpg,1,False,False,False,False,False,False,False,False,False
cluttered,Anlerndaten (830).jpg,2,True,True,False,False,False,False,False,False,False
cluttered,Anlerndaten (831).jpg,1,False,False,False,False,False,False,False,False,False
cluttered,Anlerndaten (832).jpg,1,False,False,False,False,False,False,False,False,False
cluttered,Anlerndaten (833).jpg,1,False,False,False,False,False,False,False,False,False
cluttered,Anlerndaten (834).jpg,2,False,True,False,True,False,True,False,False,False
cluttered,Anlerndaten (835).jpg,1,False,False,False,False,False,False,True,False,False
cluttered,Anlerndaten (836).jpg,1,False,False,False,False,False,False,False,False,False
cluttered,Anlerndaten (837).jpg,1,False,False,False,False,False,False,False,False,False
cluttered,Anlerndaten (838).jpg,1,False,False,False,True,False,False,False,False,False
cluttered,Anlerndaten (839).jpg,0,False,False,False,False,False,False,False,False,False
cluttered,Anlerndaten (84).jpg,1,False,False,False,False,False,False,False,False,False
cluttered,Anlerndaten (840).jpg,1,False,False,False,False,False,False,False,False,False
cluttered,Anlerndaten (841).jpg,0,False,False,False,False,False,False,False,False,False
cluttered,Anlerndaten (842).jpg,1,False,False,False,False,False,False,False,False,False
cluttered,Anlerndaten (843).jpg,3,False,True,False,True,True,True,False,False,False
cluttered,Anlerndaten (844).jpg,0,False,False,False,False,False,False,False,False,False
cluttered,Anlerndaten (845).jpg,2,False,True,False,True,False,True,False,False,False
cluttered,Anlerndaten (846).jpg,1,False,False,False,True,False,False,False,False,False
cluttered,Anlerndaten (847).jpg,1,False,False,False,False,False,False,True,False,False
cluttered,Anlerndaten (848).jpg,0,False,False,False,False,False,False,False,False,False
cluttered,Anlerndaten (849).jpg,1,False,False,False,False,False,False,False,False,False
cluttered,Anlerndaten (85).jpg,3,False,True,False,False,False,True,True,False,False
cluttered,Anlerndaten (850).jpg,2,False,True,False,False,False,True,False,False,False
cluttered,Anlerndaten (851).jpg,0,False,False,False,False,False,False,False,False,False
cluttered,Anlerndaten (852).jpg,2,False,True,False,True,False,True,False,False,False
cluttered,Anlerndaten (853).jpg,1,False,False,False,False,False,False,False,False,False
cluttered,Anlerndaten (854).jpg,0,False,False,False,False,False,False,False,False,False
cluttered,Anlerndaten (855).jpg,1,False,False,False,False,False,False,False,False,False
cluttered,Anlerndaten (856).jpg,0,False,False,False,False,False,False,False,False,False
cluttered,Anlerndaten (857).jpg,3,False,True,False,True,True,True,False,False,False
cluttered,Anlerndaten (858).jpg,2,False,True,False,False,False,True,False,False,False
cluttered,Anlerndaten (859).jpg,1,False,False,False,False,False,False,False,False,False
cluttered,Anlerndaten (86).jpg,2,False,True,False,True,True,False,False,False,False
cluttered,Anlerndaten (860).jpg,1,False,False,False,False,False,False,False,False,False
cluttered,Anlerndaten (861).jpg,2,False,True,False,False,False,True,True,False,False
cluttered,Anlerndaten (862).jpg,1,False,False,False,False,False,False,False,False,False
cluttered,Anlerndaten (863).jpg,1,False,False,False,False,False,False,False,False,False
cluttered,Anlerndaten (864).jpg,0,False,False,False,False,False,False,False,False,False
cluttered,Anlerndaten (865).jpg,3,False,True,False,False,False,True,True,False,False
cluttered,Anlerndaten (866).jpg,2,False,True,False,False,False,False,False,False,False
cluttered,Anlerndaten (867).jpg,2,False,True,False,True,True,True,False,False,False
cluttered,Anlerndaten (868).jpg,1,False,False,False,False,False,False,True,False,False
cluttered,Anlerndaten (869).jpg,3,False,True,False,False,False,True,False,False,False
cluttered,Anlerndaten (87).jpg,0,False,False,False,False,False,False,False,False,False
cluttered,Anlerndaten (870).jpg,3,False,True,False,True,False,True,True,False,False
cluttered,Anlerndaten (871).jpg,1,False,False,False,False,False,False,False,False,False
cluttered,Anlerndaten (872).jpg,1,False,False,False,False,False,False,False,False,False
cluttered,Anlerndaten (873).jpg,1,False,False,False,False,False,False,False,False,False
cluttered,Anlerndaten (874).jpg,0,False,False,False,False,False,False,False,False,False
cluttered,Anlerndaten (875).jpg,2,False,True,False,False,False,True,True,False,False
cluttered,Anlerndaten (876).jpg,0,False,False,False,False,False,False,False,False,False
cluttered,Anlerndaten (877).jpg,1,False,False,False,False,False,False,False,False,False
cluttered,Anlerndaten (878).jpg,3,False,True,False,False,True,True,False,False,False
cluttered,Anlerndaten (879).jpg,1,False,False,False,False,False,False,False,True,False
cluttered,Anlerndaten (88).jpg,2,False,False,True,False,False,True,False,False,False
cluttered,Anlerndaten (880).jpg,0,False,False,False,False,False,False,False,False,False
cluttered,Anlerndaten (881).jpg,0,False,False,False,False,False,False,False,False,False
cluttered,Anlerndaten (882).jpg,2,False,False,True,False,True,True,False,False,False
cluttered,Anlerndaten (883).jpg,1,False,False,False,False,False,False,False,False,False
cluttered,Anlerndaten (884).jpg,1,False,False,False,False,False,False,False,False,False
cluttered,Anlerndaten (885).jpg,0,False,False,False,False,False,False,False,False,False
cluttered,Anlerndaten (886).jpg,2,False,True,False,True,False,True,False,False,False
cluttered,Anlerndaten (887).jpg,1,False,False,False,True,False,False,False,False,False
cluttered,Anlerndaten (888).jpg,1,False,False,False,False,False,False,False,False,False
cluttered,Anlerndaten (889).jpg,1,False,False,False,True,False,False,False,False,False
cluttered,Anlerndaten (89).jpg,1,False,False,False,False,False,False,False,False,False
cluttered,Anlerndaten (890).jpg,0,False,False,False,False,False,False,False,False,False
cluttered,Anlerndaten (891).jpg,0,False,False,False,False,False,False,False,False,False
cluttered,Anlerndaten (892).jpg,1,False,False,False,False,False,False,False,False,False
cluttered,Anlerndaten (893).jpg,1,False,False,False,False,False,False,False,False,False
cluttered,Anlerndaten (894).jpg,1,False,False,False,False,False,False,False,False,False
cluttered,Anlerndaten (895).jpg,2,False,True,False,False,False,False,False,False,False
cluttered,Anlerndaten (896).jpg,1,False,False,False,False,False,False,False,False,False
cluttered,Anlerndaten (897).jpg,1,False,False,False,False,False,False,False,False,False
cluttered,Anlerndaten (898).jpg,1,False,False,False,False,False,False,False,False,False
cluttered,Anlerndaten (899).jpg,3,False,True,False,False,False,True,False,False,False
cluttered,Anlerndaten (9).jpg,1,False,False,False,False,False,False,False,False,False
cluttered,Anlerndaten (90).jpg,1,False,False,False,False,False,False,False,False,False
cluttered,Anlerndaten (900).jpg,1,False,False,False,False,False,False,False,False,False
cluttered,Anlerndaten (901).jpg,2,False,False,True,False,False,True,False,False,False
cluttered,Anlerndaten (902).jpg,1,False,False,False,False,False,False,False,False,False
cluttered,Anlerndaten (903).jpg,2,False,True,False,True,True,False,False,False,False
cluttered,Anlerndaten (904).jpg,1,False,False,False,False,False,False,False,False,False
cluttered,Anlerndaten (905).jpg,1,False,False,False,False,False,False,False,False,False
cluttered,Anlerndaten (906).jpg,0,False,False,False,False,False,False,False,False,False
cluttered,Anlerndaten (907).jpg,0,False,False,False,False,False,False,False,False,False
cluttered,Anlerndaten (908).jpg,0,False,False,False,False,False,False,False,False,False
cluttered,Anlerndaten (909).jpg,0,False,False,False,False,False,False,False,False,False
cluttered,Anlerndaten (91).jpg,1,False,False,False,False,False,False,False,False,False
cluttered,Anlerndaten (910).jpg,0,False,False,False,False,False,False,False,False,False
cluttered,Anlerndaten (911).jpg,2,False,True,False,True,True,False,False,False,False
cluttered,Anlerndaten (912).jpg,2,False,True,False,False,False,False,False,False,False
cluttered,Anlerndaten (913).jpg,1,False,False,False,False,False,False,False,False,False
cluttered,Anlerndaten (914).jpg,2,False,True,False,False,False,True,False,False,False
cluttered,Anlerndaten (915).jpg,2,False,True,False,True,False,True,True,False,False
cluttered,Anlerndaten (916).jpg,0,False,False,False,False,False,False,False,False,False
cluttered,Anlerndaten (917).jpg,2,False,True,False,True,True,False,False,False,False
cluttered,Anlerndaten (918).jpg,1,False,False,False,False,False,False,False,False,False
cluttered,Anlerndaten (919).jpg,2,False,True,False,True,True,False,False,False,False
cluttered,Anlerndaten (92).jpg,1,False,False,False,False,False,False,False,False,False
cluttered,Anlerndaten (920).jpg,1,False,False,False,False,False,False,False,False,False
cluttered,Anlerndaten (921).jpg,1,False,False,False,False,False,False,False,False,False
cluttered,Anlerndaten (922).jpg,2,False,True,False,True,False,True,False,False,False
cluttered,Anlerndaten (923).jpg,1,False,False,False,False,False,False,True,False,False
cluttered,Anlerndaten (924).jpg,0,False,False,False,False,False,False,False,False,False
cluttered,Anlerndaten (925).jpg,2,False,True,False,False,False,True,False,False,False
cluttered,Anlerndaten (926).jpg,1,False,False,False,False,False,False,False,False,False
cluttered,Anlerndaten (927).jpg,0,False,False,False,False,False,False,False,False,False
cluttered,Anlerndaten (928).jpg,3,False,True,False,False,False,True,False,False,False
cluttered,Anlerndaten (929).jpg,1,False,False,False,False,False,False,False,False,False
cluttered,Anlerndaten (93).jpg,1,False,False,False,False,False,False,False,False,False
cluttered,Anlerndaten (930).jpg,1,False,False,False,False,False,False,False,False,False
cluttered,Anlerndaten (931).jpg,1,False,False,False,True,False,False,False,False,False
cluttered,Anlerndaten (932).jpg,2,False,True,False,False,False,True,True,False,False
cluttered,Anlerndaten (933).jpg,2,False,True,False,True,True,True,False,False,False
cluttered,Anlerndaten (934).jpg,1,False,False,False,False,False,False,False,False,False
cluttered,Anlerndaten (935).jpg,1,False,False,False,False,False,False,False,False,False
cluttered,Anlerndaten (936).jpg,0,False,False,False,False,False,False,False,False,False
cluttered,Anlerndaten (937).jpg,0,False,False,False,False,False,False,False,False,False
cluttered,Anlerndaten (938).jpg,3,False,True,False,True,True,True,False,False,False
cluttered,Anlerndaten (939).jpg,1,False,False,False,False,False,False,False,False,False
cluttered,Anlerndaten (94).jpg,1,False,False,False,False,False,False,False,False,False
cluttered,Anlerndaten (940).jpg,0,False,False,False,False,False,False,False,False,False
cluttered,Anlerndaten (941).jpg,1,False,False,False,False,False,False,False,False,False
cluttered,Anlerndaten (942).jpg,2,False,False,True,False,False,False,False,False,False
cluttered,Anlerndaten (943).jpg,0,False,False,False,False,False,False,False,False,False
cluttered,Anlerndaten (944).jpg,3,False,True,False,True,False,True,True,False,False
cluttered,Anlerndaten (945).jpg,2,False,True,False,True,True,False,False,False,False
cluttered,Anlerndaten (946).jpg,2,False,True,False,True,True,False,False,False,False
cluttered,Anlerndaten (947).jpg,1,False,False,False,True,False,False,False,False,False
cluttered,Anlerndaten (948).jpg,0,False,False,False,False,False,False,False,False,False
cluttered,Anlerndaten (949).jpg,1,False,False,False,False,False,False,False,False,False
cluttered,Anlerndaten (95).jpg,1,False,False,False,False,False,False,False,False,False
cluttered,Anlerndaten (950).jpg,1,False,False,False,False,False,False,False,True,False
cluttered,Anlerndaten (951).jpg,0,False,False,False,False,False,False,False,False,False
cluttered,Anlerndaten (952).jpg,1,False,False,False,False,False,False,False,False,False
cluttered,Anlerndaten (953).jpg,1,False,False,False,True,False,False,False,False,False
cluttered,Anlerndaten (954).jpg,1,False,False,False,False,False,False,False,False,False
cluttered,Anlerndaten (955).jpg,2,False,True,False,False,False,False,False,False,False
cluttered,Anlerndaten (956).jpg,0,False,False,False,False,False,False,False,False,False
cluttered,Anlerndaten (957).jpg,0,False,False,False,False,False,False,False,False,False
cluttered,Anlerndaten (958).jpg,1,False,False,False,False,False,False,False,False,False
cluttered,Anlerndaten (959).jpg,1,False,False,False,True,False,False,False,False,False
cluttered,Anlerndaten (96).jpg,1,False,False,False,False,False,False,False,False,False
cluttered,Anlerndaten (960).jpg,3,False,True,False,True,True,True,False,False,False
cluttered,Anlerndaten (961).jpg,0,False,False,False,False,False,False,False,False,False
cluttered,Anlerndaten (962).jpg,4,False,True,False,False,True,True,True,False,False
cluttered,Anlerndaten (963).jpg,1,False,False,False,False,False,False,False,False,False
cluttered,Anlerndaten (964).jpg,1,False,False,False,False,False,False,False,False,False
cluttered,Anlerndaten (965).jpg,1,False,False,False,False,False,False,False,False,False
cluttered,Anlerndaten (966).jpg,1,False,False,False,False,False,False,False,False,False
cluttered,Anlerndaten (967).jpg,1,False,False,False,False,False,False,False,False,False
cluttered,Anlerndaten (968).jpg,1,False,False,False,False,False,False,False,False,False
cluttered,Anlerndaten (969).jpg,1,False,False,False,False,False,False,True,False,False
cluttered,Anlerndaten (97).jpg,0,False,False,False,False,False,False,False,False,False
cluttered,Anlerndaten (970).jpg,1,False,False,False,False,False,False,False,False,False
cluttered,Anlerndaten (971).jpg,0,False,False,False,False,False,False,False,False,False
cluttered,Anlerndaten (972).jpg,1,False,False,False,False,False,False,False,False,False
cluttered,Anlerndaten (973).jpg,3,False,True,False,False,False,True,False,False,False
cluttered,Anlerndaten (974).jpg,1,False,False,False,False,False,False,False,False,False
cluttered,Anlerndaten (975).jpg,1,False,False,False,False,False,False,False,False,False
cluttered,Anlerndaten (976).jpg,2,False,True,False,True,False,True,False,False,False
cluttered,Anlerndaten (977).jpg,2,False,True,False,True,False,True,False,False,False
cluttered,Anlerndaten (978).jpg,2,False,True,False,True,True,True,False,False,False
cluttered,Anlerndaten (979).jpg,2,False,False,True,False,False,True,False,False,False
cluttered,Anlerndaten (98).jpg,0,False,False,False,False,False,False,False,False,False
cluttered,Anlerndaten (980).jpg,1,False,False,False,True,False,False,False,False,False
cluttered,Anlerndaten (981).jpg,1,False,False,False,False,False,False,False,False,False
cluttered,Anlerndaten (982).jpg,0,False,False,False,False,False,False,False,False,False
cluttered,Anlerndaten (983).jpg,4,False,True,False,False,False,True,False,False,False
cluttered,Anlerndaten (984).jpg,2,False,True,False,True,True,True,False,False,False
cluttered,Anlerndaten (985).jpg,2,False,True,False,True,False,True,False,False,False
cluttered,Anlerndaten (986).jpg,0,False,False,False,False,False,False,False,False,False
cluttered,Anlerndaten (987).jpg,2,False,True,False,False,False,False,True,False,False
cluttered,Anlerndaten (988).jpg,3,False,True,False,True,True,True,True,False,False
cluttered,Anlerndaten (989).jpg,1,False,False,False,True,False,False,False,False,False
cluttered,Anlerndaten (99).jpg,1,False,False,False,False,False,False,False,False,False
cluttered,Anlerndaten (990).jpg,0,False,False,False,False,False,False,False,False,False
cluttered,Anlerndaten (991).jpg,0,False,False,False,False,False,False,False,False,False
cluttered,Anlerndaten (992).jpg,1,False,False,False,False,False,False,False,False,False
cluttered,Anlerndaten (993).jpg,1,False,False,False,False,False,False,False,False,False
cluttered,Anlerndaten (994).jpg,0,False,False,False,False,False,False,False,False,False
cluttered,Anlerndaten (995).jpg,3,False,True,False,False,True,True,True,False,False
cluttered,Anlerndaten (996).jpg,1,False,False,False,True,False,False,False,False,False
cluttered,Anlerndaten (997).jpg,2,False,True,False,True,True,False,False,False,False
cluttered,Anlerndaten (998).jpg,0,False,False,False,False,False,False,False,False,False
cluttered,Anlerndaten (999).jpg,1,False,False,False,False,False,False,False,False,False
